5155,0,0,100,88,1831950
5167,0,0,100,89,1824114
5768,0,0,100,110,100999
5770,0,0,100,111,100319
5783,0,0,100,144,30046
5785,0,0,100,145,52414
5786,0,0,100,146,63841
5788,0,0,100,147,28377
5790,0,0,100,148,48182
5793,0,0,100,149,25429
5796,0,0,100,150,18907
5799,0,0,100,151,8399
5802,0,0,100,135,501959
5805,0,0,100,143,9850256
5807,32,10,100,46,20
5823,32,10,100,57,1
5840,32,10,100,58,2042232
5855,32,10,100,59,7011
5870,32,10,100,61,201
5885,32,10,100,62,785640
5900,32,10,100,67,0
5915,32,10,100,74,0
5930,32,10,100,75,9900000
5945,32,10,100,95,5050000
5970,32,10,100,106,9009000
5983,32,10,100,123,1
5999,32,10,100,124,80
6013,32,10,100,125,99000
6029,32,10,100,126,400010
6043,32,10,100,127,1001
6059,32,10,100,128,5050505
6073,32,10,100,129,250030
6089,32,10,100,132,5050001
6103,32,10,100,139,9000000
6119,32,10,100,140,7075
6133,32,10,100,141,6420079
6149,32,10,100,8,600000
6163,32,10,100,1,0
6179,32,10,100,46,20
6193,32,10,100,57,1
6209,32,10,100,58,2022332
6223,32,10,100,59,7011
6239,32,10,100,61,201
6253,32,10,100,62,785640
6269,32,10,100,67,0
6283,32,10,100,74,0
6299,32,10,100,75,9900000
6313,32,10,100,95,5050000
6329,32,10,100,106,9003010
6343,32,10,100,123,1
6359,32,10,100,124,50
6373,32,10,100,125,99000
6389,32,10,100,126,400010
6403,32,10,100,127,1001
6419,32,10,100,128,5050505
6433,32,10,100,129,250030
6449,32,10,100,132,5050001
6463,32,10,100,139,9000000
6483,32,10,100,140,7075
6500,32,10,100,141,6420079
6516,32,10,100,8,600000
6532,32,10,100,1,0
6547,32,10,100,46,20
6563,32,10,100,57,1
6578,32,10,100,58,2012432
6595,32,10,100,59,7011
6610,32,10,100,61,201
6624,32,10,100,62,785640
6640,32,10,100,67,0
6654,32,10,100,74,0
6670,32,10,100,75,9800000
6690,32,10,100,95,5050000
6705,32,10,100,106,9437010
6722,32,10,100,123,1
6741,32,10,100,124,30
6757,32,10,100,125,99000
6782,32,10,100,126,400010
6802,32,10,100,127,1000
6817,32,10,100,128,5050505
6841,32,10,100,129,250030
6857,32,10,100,132,5050001
6872,32,10,100,139,3000000
6887,32,10,100,140,7075
6902,32,10,100,141,6420079
6932,32,10,100,8,600000
6947,32,10,100,1,0
6964,32,10,100,46,20
6981,32,10,100,57,1
6997,32,10,100,58,1992632
7012,32,10,100,59,7011
7028,32,10,100,61,201
7045,32,10,100,62,785640
7060,32,10,100,67,0
7075,32,10,100,74,0
7103,32,10,100,75,9800000
7140,32,10,100,95,5050000
7161,32,10,100,106,9537010
7176,32,10,100,123,1
7192,32,10,100,124,10
7207,32,10,100,125,99000
7228,32,10,100,126,400010
7244,32,10,100,127,1000
7259,32,10,100,128,5049505
7274,32,10,100,129,250030
7289,32,10,100,132,5050001
7304,32,10,100,139,9500000
7319,32,10,100,140,7075
7334,32,10,100,141,6420079
7349,32,10,100,8,600000
7364,32,10,100,1,0
7379,32,10,100,46,19
7394,32,10,100,57,1
7409,32,10,100,58,1992732
7424,32,10,100,59,7011
7439,32,10,100,61,191
7454,32,10,100,62,785640
7469,32,10,100,67,0
7484,32,10,100,74,0
7499,32,10,100,75,9700000
7514,32,10,100,95,5050000
7529,32,10,100,106,9513010
7544,32,10,100,123,1
7559,32,10,100,124,0
7574,32,10,100,125,99000
7589,32,10,100,126,400010
7604,32,10,100,127,1000
7619,32,10,100,128,5049505
7634,32,10,100,129,350030
7649,32,10,100,132,5050001
7664,32,10,100,139,9500000
7679,32,10,100,140,7075
7694,32,10,100,141,6419079
7709,32,10,100,8,600000
7724,32,10,100,1,0
7739,32,10,100,46,19
7754,32,10,100,57,1
7769,32,10,100,58,2002832
7784,32,10,100,59,7011
7799,32,10,100,61,191
7814,32,10,100,62,785640
7829,32,10,100,67,0
7844,32,10,100,74,0
7859,32,10,100,75,9700000
7874,32,10,100,95,5050000
7889,32,10,100,106,9504010
7904,32,10,100,123,1
7919,32,10,100,124,0
7934,32,10,100,125,99000
7949,32,10,100,126,400010
7964,32,10,100,127,1000
7979,32,10,100,128,5049505
7994,32,10,100,129,350030
8009,32,10,100,132,5050001
8024,32,10,100,139,9500000
8048,32,10,100,140,7075
8062,32,10,100,141,6419079
8077,32,10,100,8,600000
8092,32,10,100,1,0
8107,32,10,100,46,19
8122,32,10,100,57,1
8137,32,10,100,58,2002832
8152,32,10,100,59,7011
8167,32,10,100,61,191
8182,32,10,100,62,785640
8197,32,10,100,67,0
8212,32,10,100,74,0
8237,32,10,100,75,9700000
8269,32,10,100,95,5050000
8284,32,10,100,106,9501010
8299,32,10,100,123,2001
8314,32,10,100,124,300070
8329,32,10,100,125,99000
8344,32,10,100,126,400010
8360,32,10,100,127,1001
8374,32,10,100,128,5049505
8390,32,10,100,129,350030
8404,32,10,100,132,5050001
8419,32,10,100,139,9500000
8434,32,10,100,140,7075
8449,32,10,100,141,6420079
8464,32,10,100,8,600020
8479,32,10,100,1,0
8494,32,10,100,46,140121
8509,32,10,100,57,1
8524,32,10,100,58,2270130
8539,32,10,100,59,7011
8554,32,10,100,61,211
8570,32,10,100,62,785640
8584,32,10,100,67,0
8599,32,10,100,74,320000
8614,32,10,100,75,9700000
8629,32,10,100,95,5050000
8644,32,10,100,106,9500010
8659,32,10,100,123,1
8674,32,10,100,124,460
8689,32,10,100,125,99000
8704,32,10,100,126,400010
8719,32,10,100,127,1001
8734,32,10,100,128,5049505
8749,32,10,100,129,350020
8764,32,10,100,132,5050001
8779,32,10,100,139,9500000
8794,32,10,100,140,7075
8809,32,10,100,141,6420079
8824,32,10,100,8,600000
8839,32,10,100,1,0
8854,32,10,100,46,19
8869,32,10,100,57,1
8884,32,10,100,58,1962629
8899,32,10,100,59,6011
8914,32,10,100,61,112
8929,32,10,100,62,877800
8944,32,10,100,67,0
8959,32,10,100,74,0
8974,32,10,100,75,9700000
8989,32,10,100,95,5050000
9004,32,10,100,106,9500010
9019,32,10,100,123,1
9034,32,10,100,124,0
9049,32,10,100,125,99000
9064,32,10,100,126,200000
9079,32,10,100,127,1000
9094,32,10,100,128,5049505
9109,32,10,100,129,350020
9124,32,10,100,132,5050001
9139,32,10,100,139,9500000
9154,32,10,100,140,1085
9169,32,10,100,141,8011088
9184,32,10,100,8,0
9199,32,10,100,1,0
9214,32,10,100,46,11
9229,32,10,100,57,0
9244,32,10,100,58,2212729
9269,32,10,100,59,6011
9283,32,10,100,61,112
9298,32,10,100,62,878800
9313,32,10,100,67,0
9328,32,10,100,74,0
9343,32,10,100,75,9700000
9370,32,10,100,95,5050000
9385,32,10,100,106,9500010
9400,32,10,100,123,1
9415,32,10,100,124,0
9430,32,10,100,125,99000
9445,32,10,100,126,200000
9460,32,10,100,127,1000
9475,32,10,100,128,5049505
9490,32,10,100,129,350020
9505,32,10,100,132,5050001
9520,0,10,100,139,9500000
9536,0,10,100,140,1085
9550,0,10,100,141,9900088
9565,0,10,100,8,0
9580,0,10,100,1,0
9595,0,10,100,46,0
9610,0,10,100,57,0
9625,0,10,100,58,2302629
9640,0,10,100,59,6011
9655,0,10,100,61,2
9670,0,10,100,62,879990
9685,0,10,100,67,0
9700,0,10,100,74,0
9715,0,10,100,75,9900000
9730,0,10,100,95,5050000
9745,0,10,100,106,9500010
9760,0,10,100,123,1
9775,0,10,100,124,950
9790,0,10,100,125,99000
9806,0,10,100,126,100000
9820,0,10,100,127,1009
9835,0,10,100,128,5049505
9850,0,10,100,129,250020
9865,0,10,100,132,5050001
9880,0,10,100,139,9500000
9895,0,10,100,140,1085
9910,0,10,100,141,9900088
9925,0,10,100,8,0
9940,0,10,100,1,0
9955,0,10,100,46,0
9970,0,10,100,57,0
9985,0,10,100,58,2342529
10000,0,10,100,59,6011
10015,0,10,100,61,2
10030,0,10,100,62,880990
10045,0,10,100,67,0
10060,0,10,100,74,0
10075,0,10,100,75,9900000
10090,0,10,100,95,5050000
10105,0,10,100,106,9500010
10130,0,10,100,123,1
10145,0,10,100,124,950
10160,0,10,100,125,99000
10175,0,10,100,126,100000
10190,0,10,100,127,1009
10214,0,10,100,128,5049505
10230,0,10,100,129,150020
10245,0,10,100,132,5050001
10259,0,10,100,139,9500000
10274,0,10,100,140,1085
10289,0,10,100,141,9900088
10304,0,10,100,8,0
10320,0,10,100,1,0
10335,0,10,100,46,0
10349,0,10,100,57,0
10365,0,10,100,58,2352429
10379,0,10,100,59,6011
10404,0,10,100,61,2
10419,0,10,100,62,880990
10435,0,10,100,67,0
10450,0,10,100,74,0
10465,0,10,100,75,9900000
10482,0,10,100,95,5050000
10497,0,10,100,106,9500010
10512,0,10,100,123,1
10527,0,10,100,124,950
10542,0,10,100,125,99000
10557,0,10,100,126,100000
10572,0,10,100,127,1009
10587,0,10,100,128,5049505
10602,0,10,100,129,150020
10618,0,10,100,132,5050001
10634,0,10,100,139,9500000
10649,0,10,100,140,1085
10664,0,10,100,141,9900088
10679,0,10,100,8,10
10694,0,10,100,1,0
10710,0,10,100,46,0
10724,0,10,100,57,0
10740,0,10,100,58,3452228
10755,0,10,100,59,6011
10770,0,10,100,61,2
10784,0,10,100,62,880990
10800,0,10,100,67,0
10814,0,10,100,74,290000
10830,0,10,100,75,9900000
10845,0,10,100,95,5050000
10860,0,10,100,106,9500010
10875,0,10,100,123,306001
10890,0,10,100,124,602950
10905,0,10,100,125,99000
10920,0,10,100,126,100000
10935,0,10,100,127,101009
10950,0,10,100,128,5049505
10965,0,10,100,129,150020
10980,0,10,100,132,5050001
10995,0,10,100,139,9500000
11010,0,10,100,140,1085
11024,0,10,100,141,9900088
11040,0,10,100,8,20
11054,0,10,100,1,0
11070,0,10,100,46,250200
11085,0,10,100,57,0
11100,0,10,100,58,3452027
11115,0,10,100,59,6011
11130,0,10,100,61,2
11144,0,10,100,62,880970
11160,0,10,100,67,0
11174,0,10,100,74,450000
11190,0,10,100,75,9900000
11205,0,10,100,95,5050000
11220,0,10,100,106,9500010
11234,0,10,100,123,5001
11250,0,10,100,124,400950
11265,0,10,100,125,99000
11280,0,10,100,126,100000
11295,0,10,100,127,101009
11310,0,10,100,128,5049505
11325,0,10,100,129,150020
11340,0,10,100,132,5050001
11354,0,10,100,139,9500000
11370,0,10,100,140,1085
11394,0,10,100,141,9900088
11410,0,10,100,8,0
11424,0,10,100,1,0
11440,0,10,100,46,180200
11454,0,10,100,57,0
11470,0,10,100,58,3471626
11485,0,10,100,59,6011
11500,0,10,100,61,2
11515,0,10,100,62,881990
11530,0,10,100,67,0
11544,0,10,100,74,410000
11560,0,10,100,75,9900000
11574,0,10,100,95,5050000
11592,0,10,100,106,9500010
11607,0,10,100,123,1
11622,0,10,100,124,950
11637,0,10,100,125,99000
11652,0,10,100,126,100000
11667,0,10,100,127,101009
11682,0,10,100,128,5049505
11697,0,10,100,129,150020
11712,0,10,100,132,5050001
11728,0,10,100,139,9500000
11744,0,10,100,140,1085
11759,0,10,100,141,9900088
11774,0,10,100,8,0
11789,0,10,100,1,0
11804,0,10,100,46,130000
11820,0,10,100,57,0
11835,0,10,100,58,2401926
11849,0,10,100,59,6011
11865,0,10,100,61,2
11880,0,10,100,62,881990
11894,0,10,100,67,0
11910,0,10,100,74,0
11924,0,10,100,75,9900000
11940,0,10,100,95,5050000
11955,0,10,100,106,9500010
11970,0,10,100,123,4001
11994,0,10,100,124,300950
12009,0,10,100,125,99000
12025,0,10,100,126,100000
12040,0,10,100,127,1009
12055,0,10,100,128,5049505
12070,0,10,100,129,150020
12085,0,10,100,132,5050001
12100,0,10,100,139,9500000
12115,0,10,100,140,1085
12130,0,10,100,141,9900088
12145,0,10,100,8,150
12170,0,10,100,1,0
12184,0,10,100,46,100100
12200,0,10,100,57,0
12215,0,10,100,58,3451326
12230,0,10,100,59,6011
12244,0,10,100,61,2
12260,0,10,100,62,881990
12274,0,10,100,67,0
12290,0,10,100,74,270000
12305,0,10,100,75,9900000
12320,0,10,100,95,5050000
12335,0,10,100,106,9500010
12350,0,10,100,123,4001
12374,0,10,100,124,400950
12390,0,10,100,125,99000
12405,0,10,100,126,100000
12420,0,10,100,127,101009
12435,0,10,100,128,5049505
12450,0,10,100,129,150010
12465,0,10,100,132,5050001
12480,0,10,100,139,9500000
12495,0,10,100,140,1085
12510,0,10,100,141,9900088
12525,0,10,100,8,100
12540,0,10,100,1,0
12555,0,10,100,46,140200
12570,0,10,100,57,0
12585,0,10,100,58,2861726
12600,0,10,100,59,6011
12615,0,10,100,61,2
12630,0,10,100,62,881990
12645,0,10,100,67,0
12660,0,10,100,74,520000
12675,0,10,100,75,9900000
12690,0,10,100,95,5050000
12706,0,10,100,106,9500010
12720,0,10,100,123,4001
12735,0,10,100,124,503950
12750,0,10,100,125,99000
12765,0,10,100,126,100000
12780,0,10,100,127,1009
12795,0,10,100,128,5049505
12810,0,10,100,129,150010
12825,0,10,100,132,5050001
12840,0,10,100,139,9500000
12855,0,10,100,140,1085
12870,0,10,100,141,9900088
12885,0,10,100,8,40
12900,0,21,100,1,0
12915,0,21,100,46,910100
12930,16,21,100,57,5
12945,16,21,100,58,2972326
12960,16,21,100,59,908021
12975,0,20,100,61,13
12990,0,20,100,62,899981
13005,0,20,100,67,0
13020,0,20,100,74,1790000
13035,0,11,100,75,9900000
13050,0,11,100,95,5050000
13065,0,11,100,106,9500010
13080,16,11,100,123,305001
13095,16,11,100,124,301950
13110,16,11,100,125,99000
13125,16,10,100,126,100000
13140,0,0,100,135,400000
13142,0,0,100,143,9950990
13144,0,10,100,127,101009
13160,0,10,100,128,5049505
13175,0,10,101,129,150010
13190,0,10,101,132,5050001
13205,0,0,101,135,401000
13207,0,0,101,143,9950990
13210,0,10,101,139,9500000
13227,0,10,101,140,1085
13241,16,10,101,141,8112088
13257,16,10,101,8,5000000
13272,16,10,101,1,50000
13287,0,10,101,46,180100
13302,0,10,101,57,0
13317,0,10,101,58,2652126
13332,0,10,101,59,6011
13347,0,10,101,61,2
13362,0,10,101,62,881990
13377,0,10,101,67,0
13406,0,10,101,74,0
13421,0,10,101,75,9900000
13436,0,10,101,95,5050000
13451,0,10,101,106,9500010
13467,0,10,101,123,1
13482,0,10,101,124,950
13497,0,10,101,125,99000
13512,0,10,101,126,100000
13527,0,10,101,127,1009
13542,0,10,101,128,5049505
13557,0,10,101,129,150010
13572,0,10,101,132,5050001
13587,0,10,101,139,9500000
13604,0,10,101,140,1085
13619,0,10,101,141,9900088
13634,0,10,101,8,0
13650,0,10,101,1,0
13664,0,10,101,46,0
13680,0,10,101,57,0
13695,0,10,101,58,2381726
13710,0,10,101,59,6011
13725,0,10,101,61,2
13740,0,10,101,62,881990
13754,0,10,101,67,0
13779,0,10,101,74,0
13794,0,10,101,75,9900000
13809,0,10,101,95,5050000
13825,0,10,101,106,9500010
13840,0,10,101,123,1
13855,0,10,101,124,950
13870,0,10,101,125,99000
13885,0,10,101,126,100000
13900,0,10,101,127,1009
13915,0,10,101,128,5049505
13930,0,10,101,129,150010
13945,0,10,101,132,5050001
13960,0,10,101,139,9500000
13975,0,10,101,140,1085
13990,0,10,101,141,9900088
14005,0,10,101,8,0
14020,0,10,101,1,0
14035,0,10,101,46,0
14050,0,10,101,57,0
14074,0,10,101,58,2381726
14089,0,10,101,59,6011
14104,0,10,101,61,2
14120,0,10,101,62,882990
14135,0,10,101,67,0
14150,0,10,101,74,0
14164,0,10,101,75,9900000
14180,0,10,101,95,5050000
14194,0,10,101,106,9500010
14210,0,10,101,123,1
14225,0,10,101,124,950
14240,0,10,101,125,99000
14255,0,10,101,126,100000
14270,0,10,101,127,1009
14284,0,10,101,128,5048505
14300,0,10,101,129,150010
14314,0,10,101,132,5050001
14330,0,10,101,139,9500000
14345,0,10,101,140,1085
14360,0,10,101,141,9900088
14384,0,10,101,8,0
14400,0,10,101,1,0
14415,0,10,101,46,0
14429,0,10,101,57,0
14444,0,10,101,58,2391726
14460,0,10,101,59,6011
14474,0,10,101,61,2
14490,0,10,101,62,882990
14505,0,10,101,67,0
14519,0,10,101,74,0
14534,0,10,101,75,9900000
14549,0,10,101,95,5050000
14564,0,10,101,106,9500010
14580,0,10,101,123,1
14595,0,10,101,124,950
14609,0,10,101,125,99000
14625,0,10,101,126,100000
14639,0,10,101,127,1009
14654,0,10,101,128,5048505
14670,0,10,101,129,150010
14685,0,10,101,132,5050001
14699,0,10,101,139,9500000
14715,0,10,101,140,1085
14729,0,10,101,141,9900088
14744,0,10,101,8,0
14760,0,10,101,1,0
14774,0,10,101,46,0
14790,0,10,101,57,0
14805,0,10,101,58,2391726
14819,0,10,101,59,6011
14834,0,10,101,61,2
14849,0,10,101,62,882990
14864,0,10,101,67,0
14880,0,10,101,74,0
14895,0,10,101,75,9900000
14910,0,10,101,95,5050000
14924,0,10,101,106,9500010
14939,0,10,101,123,4001
14965,0,10,101,124,500950
14981,0,10,101,125,99000
14996,0,10,101,126,100000
15011,0,10,101,127,1009
15026,0,10,101,128,5048505
15042,0,10,101,129,150010
15057,0,10,101,132,5050001
15072,0,10,101,139,9500000
15087,24,10,101,140,4045
15102,24,10,101,141,6128088
15117,24,10,101,8,5800220
15132,8,10,101,1,20000
15147,0,0,101,144,30046
15152,0,0,101,145,52414
15153,0,0,101,146,63841
15155,0,0,101,147,28377
15156,0,0,101,148,48182
15158,0,0,101,149,25429
15161,0,0,101,150,18907
15163,0,0,101,151,8399
15164,8,10,101,46,951220
15180,8,10,101,57,200001
15195,8,31,101,58,2971829
15210,8,31,101,59,305031
15225,8,31,101,61,23
15240,8,31,101,62,899921
15255,8,31,101,67,0
15270,8,31,101,74,2650000
15285,0,0,101,135,400000
15287,0,0,101,143,9950995
15289,0,30,101,75,9900000
15305,0,30,101,95,5050000
15320,0,30,101,106,9500010
15335,0,30,101,123,412001
15350,257,21,101,61,145
15354,0,0,101,135,401000
15356,0,0,101,143,9950992
15357,265,21,101,62,183851
15362,265,21,101,75,9700100
15366,265,21,101,57,200000
15372,265,21,101,132,5050001
15376,265,21,101,140,201015
15382,265,21,101,106,9500010
15396,264,0,101,80,107040
15399,264,0,101,81,1196019
15402,264,0,101,85,2600019
15403,264,21,101,8,400056
15417,8,21,101,140,1015
15432,8,21,101,141,9102019
15447,8,20,101,8,200144
15462,8,20,101,1,20000
15477,8,20,101,46,711005
15492,8,20,101,57,0
15507,0,41,101,58,2641929
15524,0,0,101,135,400000
15526,0,0,101,143,9950990
15527,0,41,101,59,1109043
15544,0,0,100,135,401010
15546,0,0,100,143,9950999
15547,16,41,100,61,152
15564,16,41,100,62,477841
15570,0,0,100,130,100010
15572,0,0,100,131,648570
15574,272,41,100,8,4800091
15581,272,41,100,123,5426013
15585,272,41,100,124,2454953
15591,272,41,100,75,9900000
15595,0,0,100,130,101020
15596,0,0,100,131,648006
15609,272,41,100,61,332
15614,256,40,100,132,5050003
15621,256,40,100,140,201085
15624,256,40,100,106,9500010
15631,256,40,100,8,51
15634,256,40,100,46,2642813
15641,256,40,100,61,133
15644,256,40,100,62,899991
15651,256,40,100,75,9900000
15654,256,31,100,57,0
15661,256,31,100,132,5050003
15664,256,31,100,140,201085
15671,256,31,100,106,9500010
15675,256,31,100,8,0
15681,256,31,100,46,2302821
15685,256,31,100,61,213
15691,274,31,100,124,2910949
15695,274,31,100,75,9900001
15701,0,0,100,130,109022
15703,0,0,100,131,1052004
15705,274,31,100,61,322
15711,274,31,100,57,5
15716,274,31,100,126,100010
15722,272,0,100,80,205010
15724,272,0,100,81,1999019
15726,272,0,100,85,17019
15727,272,31,100,132,5050003
15733,272,31,100,140,205055
15739,272,31,100,8,4900004
15743,272,31,100,123,105043
15749,272,31,100,124,201959
15753,256,30,100,75,9900000
15759,256,30,100,57,0
15764,256,30,100,132,5050003
15780,0,0,100,135,400000
15783,0,0,100,143,9950990
15784,0,30,100,127,101009
15800,0,30,100,128,5049505
15815,0,0,100,135,401010
15817,0,0,100,143,9950990
15819,0,11,100,129,97010
15835,0,11,100,132,5050003
15846,146,11,100,139,9500000
15851,274,11,100,140,201085
15855,274,11,100,106,9500010
15861,274,11,100,8,5100005
15865,272,0,100,80,204010
15867,272,0,100,81,799019
15869,272,0,100,85,9019
15883,272,11,100,46,720314
15900,16,11,100,46,720314
15916,0,0,100,135,400000
15918,0,0,100,143,9950990
15921,0,10,100,57,0
15939,0,10,100,58,3232629
15954,0,10,100,59,6013
15969,0,0,100,135,401000
15972,0,0,100,143,9950990
15973,0,10,100,61,2
15989,0,10,100,62,877990
16004,0,10,100,67,0
16019,0,10,100,74,90102
16034,0,10,100,75,9900000
16049,0,10,100,95,5050000
16075,0,10,100,106,9500010
16090,0,10,100,123,3
16105,0,10,100,124,950
16120,0,10,100,125,303120
16135,0,10,100,126,100000
16150,0,10,100,127,1009
16165,0,10,100,128,5049505
16180,0,10,100,129,94010
16195,0,10,100,132,5050001
16210,0,10,100,139,9500000
16225,0,10,100,140,1085
16240,0,10,100,141,9900088
16255,0,10,100,8,0
16270,0,10,100,1,0
16285,0,10,100,46,0
16300,0,10,100,57,0
16315,0,10,100,58,2451829
16330,0,10,100,59,6011
16345,0,10,100,61,2
16360,0,10,100,62,878990
16375,0,10,100,67,0
16390,0,10,100,74,102
16405,0,10,100,75,9900000
16420,0,10,100,95,5050000
16435,0,10,100,106,9500010
16450,0,10,100,123,1
16465,0,10,100,124,950
16480,0,10,100,125,304120
16504,0,10,100,126,100000
16519,0,10,100,127,1009
16535,0,10,100,128,5049505
16550,0,10,100,129,88010
16564,0,10,100,132,5050001
16580,0,10,100,139,9500000
16594,0,10,100,140,1015
16610,0,10,100,141,9900019
16625,0,10,100,8,0
16640,0,10,100,1,0
16655,0,10,100,46,30200
16670,0,10,100,57,0
16684,0,10,100,58,3551728
16700,0,10,100,59,6011
16714,0,10,100,61,2
16730,0,31,100,62,899800
16745,0,31,100,67,0
16760,0,21,100,74,420102
16774,16,41,100,75,9900000
16790,16,41,100,95,5050000
16794,0,0,100,130,200010
16795,0,0,100,131,548430
16798,272,41,100,58,3622629
16804,272,41,100,59,906041
16811,272,41,100,61,342
16814,272,41,100,57,5
16820,256,41,100,132,5050001
16824,256,41,100,140,201085
16840,256,41,100,106,9500010
16855,0,0,100,130,209010
16857,0,0,100,131,500033
16860,0,41,100,129,84010
16875,0,40,100,132,5050001
16885,257,31,100,8,12
16891,265,31,100,46,1661910
16905,265,31,100,61,102
16911,265,31,100,62,877871
16914,265,31,100,75,9900040
16921,281,11,100,57,2300006
16924,281,11,100,75,9900020
16931,280,0,100,80,107010
16933,280,0,100,81,1799019
16935,280,0,100,85,2900019
16936,280,11,100,140,204045
16950,24,11,100,59,805011
16965,24,11,100,61,121
16980,8,11,100,62,899921
16995,8,11,100,67,0
17010,0,10,100,74,1700202
17025,0,10,100,75,9900000
17040,0,10,101,95,5050000
17055,0,10,101,106,9500010
17070,0,10,101,123,822001
17081,273,21,101,106,9500010
17084,273,21,101,8,5200015
17091,273,21,101,46,1181425
17094,273,21,101,61,251
17101,273,21,101,62,179741
17104,273,21,101,75,9700170
17111,273,21,101,57,2525005
17114,273,21,101,75,9800170
17121,273,21,101,140,204045
17125,256,0,101,80,109030
17126,256,0,101,81,1198019
17129,256,0,101,85,2000019
17132,256,21,101,106,9500010
17146,0,21,101,8,27
17161,0,21,101,1,0
17176,0,0,101,135,400000
17192,0,0,101,143,9950990
17195,8,20,101,46,1241412
17212,8,51,101,57,0
17228,0,0,100,135,401000
17231,0,0,100,143,9950999
17232,24,51,100,58,3402527
17248,24,51,100,59,905051
17264,24,51,100,61,112
17278,24,51,100,62,475832
17294,0,0,100,135,400000
17297,0,0,100,143,9950990
17299,0,50,100,67,0
17314,0,50,100,74,5740302
17329,0,50,100,75,9900000
17344,1,31,100,95,5050000
17349,257,31,100,8,153
17353,0,0,100,135,401000
17355,0,0,100,143,9950990
17357,265,31,100,46,2312613
17362,265,31,100,61,132
17371,265,31,100,62,174841
17375,265,31,100,75,9800040
17382,281,31,100,132,5050002
17385,280,0,100,80,107030
17387,280,0,100,81,2497019
17389,280,0,100,85,2800019
17392,280,31,100,75,9700000
17409,24,31,100,129,499020
17424,24,31,100,132,5050002
17440,8,31,100,139,9500000
17455,8,30,100,140,1085
17470,8,30,101,141,9700089
17485,0,30,101,8,245
17500,0,30,101,1,40000
17515,0,30,101,46,1291300
17530,0,0,101,135,400000
17532,0,0,101,143,9950990
17533,0,30,101,57,0
17550,0,30,101,58,3812227
17565,0,30,100,59,1110032
17580,0,30,100,61,19
17595,0,30,100,62,899971
17610,0,30,100,67,100000
17626,0,30,100,74,3200402
17640,0,30,100,75,9900000
17655,257,21,100,140,201015
17661,0,0,100,135,401000
17663,0,0,100,143,9950990
17665,265,21,100,106,9500010
17671,265,21,100,8,364
17675,265,21,100,46,1231508
17681,265,21,100,61,82
17696,281,21,100,57,4200006
17701,280,0,100,80,106040
17703,280,0,100,81,1296019
17705,280,0,100,85,2700019
17706,280,21,100,75,9600000
17720,24,21,100,128,5049505
17735,24,21,100,129,198020
17751,8,21,100,132,5050002
17766,8,20,100,139,9500000
17780,8,20,100,140,1085
17795,0,20,100,141,9504089
17810,0,41,100,8,64
17825,0,41,100,1,40000
17840,0,0,100,135,401000
17842,0,0,100,143,9950999
17844,16,41,100,46,1952121
17861,16,41,100,57,5
17876,16,41,100,58,2503128
17891,16,41,100,59,906043
17907,0,0,100,135,400000
17909,0,0,100,143,9950990
17912,0,40,100,61,9
17929,0,40,100,62,899971
17944,0,40,100,67,0
17960,1,31,100,74,4690602
17964,257,31,100,132,5050002
17970,0,0,100,135,401000
17972,0,0,100,143,9950990
17974,265,31,100,132,5050002
17982,265,31,100,140,201015
17986,265,31,100,106,9500010
17991,265,31,100,8,200146
17996,281,21,100,67,100000
18002,280,0,100,80,107040
18004,280,0,100,81,1996019
18006,280,0,100,85,2900019
18007,280,21,100,61,192
18024,24,21,100,127,101009
18039,24,21,100,128,5049505
18055,8,21,100,129,198020
18070,8,21,101,132,5050002
18103,8,21,101,139,9500000
18119,0,20,100,140,1085
18134,0,20,100,141,9600089
18150,0,20,100,8,13
18164,0,0,100,135,400000
18166,0,0,100,143,9950990
18169,0,20,100,1,40000
18185,0,20,101,46,1170900
18200,0,20,101,57,0
18215,0,20,101,58,4071526
18230,0,20,101,59,10023
18245,0,20,101,61,9
18260,0,0,101,135,401010
18262,0,0,101,143,9950990
18263,0,20,101,62,899951
18275,0,0,101,135,401010
18277,0,0,101,143,9950990
18281,257,11,101,62,176861
18297,265,21,101,75,9700030
18303,265,11,101,57,0
18307,264,0,101,80,103040
18310,264,0,101,81,996019
18312,264,0,101,85,1100019
18314,264,11,101,132,5050003
18329,8,11,101,106,9500010
18344,0,0,101,135,400000
18346,0,0,101,143,9950990
18349,8,11,101,123,313003
18365,8,11,101,124,1812950
18379,0,0,101,135,401010
18381,0,0,101,143,9950990
18383,8,11,101,125,200992
18400,8,11,101,126,101010
18416,0,10,101,127,101009
18430,0,10,101,128,5049505
18445,0,21,101,129,97020
18460,16,21,101,132,5050003
18475,16,21,101,139,9500000
18490,16,21,101,140,4045
18505,0,0,101,135,400000
18507,0,0,101,143,9950990
18510,0,31,101,141,9802089
18525,0,31,101,8,20
18540,0,31,101,1,0
18555,0,31,101,46,1211302
18570,0,31,101,57,0
18585,0,30,101,58,3582927
18600,0,30,101,59,610033
18615,0,30,101,61,29
18630,0,30,101,62,898961
18646,0,30,101,67,0
18660,0,30,101,74,2980702
18675,0,30,101,75,9900000
18690,0,30,101,95,5050000
18705,0,30,102,106,9500010
18720,0,30,102,123,1
18735,0,21,102,124,900950
18750,0,21,102,125,201992
18765,0,0,101,135,401000
18767,0,0,101,143,9950999
18770,146,11,101,126,100000
18776,274,11,101,140,204045
18782,274,11,101,8,5200003
18792,272,0,101,80,203010
18793,272,0,101,81,999019
18795,272,0,101,85,7019
18797,272,11,101,67,0
18812,16,11,101,132,5050001
18826,16,11,101,139,9500000
18841,0,0,101,135,400000
18843,0,0,101,143,9950990
18845,0,11,101,140,1085
18862,0,11,101,141,9702089
18876,0,0,101,135,401000
18879,0,0,101,143,9950990
18882,0,10,101,8,1
18899,0,10,101,1,0
18919,16,10,101,46,180118
18944,16,10,101,57,5
18960,16,10,101,58,3172327
18975,16,10,101,59,906011
18990,0,10,101,61,2
19005,0,10,101,62,174970
19020,0,10,101,67,0
19034,0,10,101,74,300703
19050,0,10,101,75,9900000
19064,0,10,101,95,5050000
19080,0,10,101,106,9500010
19095,0,10,101,123,101001
19110,0,10,101,124,101950
19125,0,10,101,125,203992
19140,0,10,101,126,100000
19154,0,10,101,127,1009
19170,0,10,101,128,5049505
19185,0,10,101,129,92020
19200,0,10,101,132,5050001
19214,0,10,101,139,9500000
19230,0,10,101,140,1085
19244,0,10,101,141,9900087
19260,0,10,101,8,0
19285,0,10,101,1,0
19299,0,10,101,46,0
19314,0,10,101,57,0
19330,0,10,101,58,2311627
19345,0,10,101,59,6011
19359,0,10,101,61,2
19374,0,10,101,62,875990
19389,0,10,101,67,0
19415,0,10,101,74,703
19433,0,10,101,75,9900000
19448,0,10,101,95,5050000
19463,0,10,101,106,9500010
19478,0,10,101,123,1
19493,0,10,101,124,950
19509,0,10,101,125,204992
19524,0,10,101,126,100000
19539,0,10,101,127,1009
19554,0,10,101,128,5049505
19569,0,10,101,129,87020
19584,0,10,101,132,5050001
19600,0,10,101,139,9500000
19614,0,10,101,140,1085
19630,0,10,101,141,9900088
19645,0,10,101,8,0
19659,0,10,101,1,0
19674,0,10,101,46,0
19689,0,10,101,57,0
19713,0,10,101,58,2301627
19728,0,10,101,59,6011
19743,0,10,101,61,2
19759,0,10,101,62,876990
19779,0,10,101,67,0
19794,0,10,101,74,703
19809,0,10,101,75,9900000
19824,0,10,101,95,5050000
19839,0,10,101,106,9500010
19855,0,10,101,123,1
19874,0,10,101,124,950
19889,0,10,101,125,206992
19904,0,10,101,126,100000
19919,0,10,101,127,1009
19934,0,10,101,128,5049505
19950,0,10,101,129,82020
19965,0,10,101,132,5050001
19979,0,10,101,139,9500000
19994,0,10,101,140,1085
20009,0,10,101,141,9900088
20024,0,10,101,8,0
20040,0,10,101,1,0
20055,0,10,101,46,0
20069,0,10,101,57,0
20085,0,10,101,58,2301627
20099,0,10,101,59,6011
20114,0,10,101,61,2
20130,0,10,101,62,876990
20144,0,10,101,67,0
20160,0,10,101,74,703
20175,0,10,101,75,9900000
20189,0,10,101,95,5050000
20204,0,10,101,106,9500010
20220,0,10,101,123,1
20234,0,10,101,124,950
20250,0,10,101,125,207992
20265,0,10,101,126,100000
20279,0,10,101,127,1009
20294,0,10,101,128,5049505
20309,0,10,101,129,78020
20324,0,10,101,132,5050001
20340,0,10,101,139,9500000
20355,0,10,101,140,1085
20379,0,10,101,141,9900088
20394,0,10,101,8,0
20409,0,10,101,1,0
20425,0,10,101,46,0
20439,0,10,101,57,0
20454,0,10,101,58,2301627
20469,0,10,101,59,6011
20484,0,10,101,61,2
20500,0,10,101,62,877990
20515,0,10,101,67,0
20529,0,10,101,74,703
20545,0,10,101,75,9900000
20559,0,10,101,95,5050000
20574,0,10,101,106,9500010
20590,0,10,101,123,3001
20605,0,10,101,124,500950
20620,0,10,101,125,209992
20635,0,10,101,126,100000
20650,0,10,101,127,1009
20664,0,10,101,128,5049505
20680,0,10,101,129,74020
20694,0,10,101,132,5050001
20710,0,10,101,139,9500000
20725,0,21,101,140,1085
20740,8,21,101,141,9900089
20754,8,21,101,8,200020
20770,24,21,101,1,50000
20784,24,21,101,46,1031113
20800,24,21,101,57,100005
20814,8,20,101,58,2101327
20839,8,20,101,59,305021
20854,0,20,101,61,3
20869,0,20,101,62,899981
20880,257,20,101,46,911111
20884,265,20,101,61,72
20890,265,20,101,62,184871
20894,265,20,101,75,9900010
20900,264,0,101,80,104010
20902,264,0,101,81,999019
20904,264,0,101,85,1800019
20906,264,20,101,57,300001
20921,8,20,101,123,536001
20937,8,20,101,124,3506950
20951,8,20,101,125,201992
20967,8,20,101,126,101010
20981,8,20,101,127,101009
20996,0,20,101,128,5049505
21011,0,20,101,129,97020
21026,0,51,101,132,5050001
21041,0,0,101,135,400000
21043,0,0,101,143,9950990
21045,0,51,101,139,9500000
21062,0,51,101,140,1085
21077,0,0,101,135,401010
21080,0,0,101,143,9950999
21082,16,61,101,141,8513088
21099,0,0,101,130,300010
21102,0,0,101,131,148610
21104,272,61,101,57,100005
21111,272,61,101,126,101010
21116,272,61,101,132,5050001
21122,272,61,101,140,205055
21126,272,61,101,8,4800080
21131,256,61,101,61,113
21136,256,61,101,62,899992
21141,256,61,101,75,9900000
21157,0,0,101,130,309010
21159,0,0,101,131,100043
21162,0,61,101,67,0
21180,0,60,101,74,6450803
21191,257,51,100,57,38000
21195,257,51,100,132,5050001
21201,257,51,100,140,201085
21205,257,51,100,106,9500010
21211,257,51,100,8,45
21215,257,51,100,67,0
21221,273,41,100,75,9600230
21225,273,41,100,62,875831
21231,273,41,100,75,9600060
21235,273,41,100,57,5
21241,272,0,100,80,110040
21243,272,0,100,81,2696019
21245,272,0,100,85,3200019
21246,272,41,100,132,5050001
21271,16,41,100,139,9500000
21285,0,41,100,140,1085
21310,0,41,102,141,9900089
21329,0,41,102,8,100186
21344,0,40,102,1,60000
21359,0,40,102,46,2031900
21375,0,40,102,57,13000
21390,0,40,102,58,2732527
21405,0,40,102,59,10041
21420,0,40,102,61,13
21435,0,40,102,62,199981
21455,0,40,101,67,0
21470,0,40,101,74,4760903
21485,0,40,101,75,9900000
21500,0,40,101,95,5050000
21515,0,40,101,106,9500010
21530,0,40,101,123,608001
21540,144,61,101,124,1519950
21555,16,51,101,125,200993
21570,0,0,101,130,400010
21572,0,0,101,131,1350270
21573,272,51,101,126,101010
21580,272,51,101,132,5050001
21584,272,51,101,140,205055
21590,272,51,101,8,4800060
21594,256,51,101,61,143
21601,257,51,101,62,899972
21604,257,51,101,75,9600030
21610,257,51,101,57,15000
21614,0,0,101,130,409011
21616,0,0,101,131,1300240
21617,257,51,101,132,5050001
21628,0,0,101,130,500010
21631,0,0,101,131,1300240
21633,257,51,101,140,201085
21641,256,0,101,80,105040
21643,256,0,101,81,2799019
21644,256,0,101,85,400019
21646,256,51,101,106,9500010
21665,256,51,101,8,94
21671,256,61,101,46,2713013
21675,256,61,101,61,133
21681,256,61,101,62,899972
21684,256,61,101,75,9900000
21691,256,61,101,57,0
21701,0,0,101,130,509010
21704,0,0,101,131,700049
21705,274,41,101,132,5050001
21711,272,0,101,80,201000
21714,272,0,101,81,2799019
21715,272,0,101,85,2019
21717,272,41,101,140,201085
21731,16,41,101,95,5050000
21747,16,41,101,106,9500010
21762,0,0,101,135,400000
21764,0,0,101,143,9950990
21765,0,41,101,123,101001
21782,0,41,101,124,100950
21797,0,40,101,125,201993
21812,0,40,101,126,100000
21827,0,31,101,127,101009
21842,0,31,101,128,5049505
21852,0,0,101,135,401000
21854,0,0,101,143,9450999
21856,274,31,101,8,5200073
21870,274,31,101,8,5200114
21874,274,31,101,46,1641313
21880,272,0,101,80,203000
21883,272,0,101,81,1699019
21884,272,0,101,85,8019
21886,272,31,101,61,122
21900,16,31,101,141,8012088
21914,0,0,101,135,400000
21916,0,0,101,143,9950990
21919,0,31,101,8,333
21935,0,30,101,1,0
21950,0,30,101,46,1641300
21965,0,30,101,57,0
21980,0,21,101,58,3522528
21995,8,21,101,59,305021
22010,0,0,101,135,401000
22012,0,0,101,143,9450999
22013,24,21,101,61,122
22030,24,21,101,62,494821
22045,24,21,101,67,200000
22060,0,0,101,135,400000
22062,0,0,101,143,9950990
22064,8,11,101,74,1541005
22081,8,11,101,75,9900000
22097,0,11,101,95,5050000
22111,0,11,101,106,9500010
22127,0,11,101,123,809001
22136,257,11,101,62,878890
22142,257,11,101,75,9600020
22146,257,11,101,57,12000
22151,257,10,101,132,5050001
22156,257,10,101,140,201015
22162,257,10,101,106,9500010
22166,257,10,101,8,447
22171,0,0,101,135,401010
22173,0,0,101,143,9950990
22175,257,10,101,46,640808
22182,257,10,101,61,82
22186,257,10,101,62,179880
22192,257,10,101,75,9800090
22196,257,10,101,57,18000
22202,257,10,101,132,5050001
22206,257,10,101,140,201015
22212,257,10,101,106,9500010
22216,257,10,101,8,139
22222,257,10,101,46,640809
22226,257,10,101,61,92
22232,257,10,101,62,180880
22236,257,10,101,75,9800060
22242,257,10,101,57,21000
22246,257,10,101,132,5050001
22252,257,10,101,140,201015
22256,257,10,101,106,9500010
22262,257,10,101,8,129
22266,257,10,101,46,640809
22272,257,10,101,61,92
22276,257,10,101,62,181880
22282,257,21,101,75,9700020
22286,256,0,101,80,129040
22288,256,0,101,81,696019
22291,256,0,101,85,1400019
22293,256,21,101,57,0
22312,273,31,101,75,9600100
22316,273,31,101,140,204045
22322,273,31,101,8,5200129
22326,273,31,101,67,200000
22332,0,0,101,130,600010
22334,0,0,101,131,3251450
22336,273,31,101,8,5100139
22343,273,31,101,123,3868012
22347,273,31,101,124,6532953
22353,273,31,101,75,9600100
22357,273,31,101,132,5050002
22363,0,0,101,130,609011
22364,0,0,101,131,3249210
22366,257,31,101,132,5050002
22373,257,31,101,140,201015
22377,257,31,101,106,9500010
22383,257,31,101,8,69
22389,257,31,101,46,1401910
22394,257,31,101,61,102
22400,257,31,101,62,184921
22405,257,30,101,75,9800130
22411,257,30,101,57,42000
22416,257,30,101,132,5150002
22422,257,30,101,140,201015
22427,257,30,101,106,9500010
22433,257,30,101,8,179
22437,257,41,101,46,2141900
22443,257,41,101,61,2
22449,256,0,101,80,124040
22463,256,0,101,81,1296019
22466,256,0,101,85,1600019
22471,256,41,101,62,188971
22487,16,41,101,139,9500000
22502,16,41,101,140,1085
22517,16,41,101,141,8215088
22533,0,41,101,8,114
22549,0,40,101,1,0
22569,0,40,101,46,2232602
22584,1,40,101,57,5000
22595,0,0,101,135,400000
22597,0,0,101,143,9950990
22601,256,0,101,80,101010
22605,256,0,101,81,2299019
22609,256,0,101,85,100019
22612,256,40,101,75,9900000
22629,0,40,101,59,10042
22645,0,0,101,135,401010
22648,0,0,101,143,9949990
22652,0,40,101,61,3
22670,0,40,101,62,899981
22686,0,40,101,67,0
22702,0,40,101,74,5041305
22717,0,40,101,75,9900000
22733,0,40,101,95,5050000
22749,0,40,101,106,9500010
22765,0,40,101,123,2420002
22781,16,40,101,124,1412950
22797,16,40,101,125,200994
22817,16,40,101,126,101010
22833,0,40,101,127,101009
22849,0,40,101,128,5049505
22864,0,40,101,129,195020
22880,0,40,101,132,5150001
22895,0,31,101,139,9500000
22911,0,31,101,140,1085
22927,0,31,101,141,9900089
22943,0,31,101,8,141
22958,0,31,101,1,0
22974,0,0,101,144,30046
22977,0,0,101,145,52414
22982,0,0,101,146,63841
22985,0,0,101,147,28377
22988,0,0,101,148,48182
22992,0,0,101,149,25429
22995,0,0,101,150,18907
22999,0,0,101,151,8399
23012,0,31,101,46,1741700
23029,0,30,101,57,0
23045,0,30,101,58,2932327
23060,0,41,101,59,10041
23076,145,41,101,61,421
23082,273,41,101,132,5150001
23086,273,41,101,8,5200043
23092,273,41,101,106,9500010
23102,0,0,101,130,700010
23105,0,0,101,131,3052470
23109,273,41,101,140,202025
23114,273,41,101,46,2132744
23119,273,41,101,67,0
23124,273,41,101,75,9600210
23131,0,0,101,130,701020
23134,0,0,101,131,3050360
23137,273,41,101,57,4143005
23142,273,41,101,61,431
23147,257,41,101,61,322
23153,257,41,101,8,100029
23158,257,40,101,106,9500010
23169,257,40,101,140,202025
23173,257,40,101,46,2132733
23184,257,40,101,67,0
23190,257,40,101,75,9800230
23195,257,40,101,57,267000
23201,257,40,101,61,332
23206,257,51,101,57,0
23217,257,51,101,132,5150001
23223,257,51,101,140,201015
23228,272,0,101,80,122040
23231,272,0,101,81,2496019
23235,272,0,101,85,2800019
23239,272,61,101,140,202025
23244,272,61,101,8,5300029
23260,0,0,101,130,709030
23263,0,0,101,131,353103
23266,80,61,101,61,112
23283,80,61,101,62,186852
23298,64,61,101,67,0
23313,64,61,101,74,7071405
23329,64,61,101,75,9600000
23344,64,60,101,95,5050000
23360,64,60,101,106,9500010
23375,0,60,101,123,1029001
23390,0,60,101,124,2710950
23405,0,60,101,125,200995
23421,0,60,101,126,101010
23435,0,60,101,127,101009
23451,0,60,101,128,5049505
23466,0,60,101,129,91020
23500,0,60,101,132,5050001
23519,0,60,101,139,9500000
23544,0,60,101,140,1085
23559,0,60,101,141,9900089
23574,0,60,101,8,10
23590,0,60,101,1,0
23605,0,60,101,46,3403400
23620,0,60,101,57,0
23635,0,60,101,58,1372926
23650,0,60,101,59,10061
23665,0,60,101,61,13
23680,0,60,101,62,899982
23695,16,51,101,67,0
23711,16,51,101,74,6101405
23726,16,51,101,75,9900000
23741,0,51,101,95,5050000
23757,0,51,101,106,9500010
23773,0,51,101,123,1001
23787,0,50,101,124,100950
23803,0,50,101,125,200997
23818,0,41,101,126,101010
23833,0,41,101,127,101009
23849,16,41,101,128,5049505
23865,16,41,101,129,85020
23880,16,41,101,132,5050001
23895,0,0,101,135,400000
23899,0,0,101,143,9949990
23902,0,41,101,139,9500000
23920,0,40,101,140,1085
23935,0,40,101,141,9800089
23950,0,40,101,8,20
23966,0,40,101,1,0
23981,0,40,101,46,2032302
23996,0,40,101,57,13000
24011,0,0,101,135,401000
24014,0,0,101,143,9449999
24017,16,40,101,58,2352727
24033,16,40,101,59,808041
24048,16,40,101,61,112
24063,0,40,101,62,899981
24078,0,40,101,67,100000
24093,0,40,101,74,4041405
24109,0,40,101,75,9900000
24124,0,31,101,95,5050000
24139,0,31,101,106,9500010
24155,0,31,101,123,1616001
24170,0,31,101,124,1817950
24185,0,31,101,125,200998
24200,0,31,101,126,101010
24215,0,31,101,127,101009
24230,0,31,101,128,5049505
24245,0,30,101,129,81020
24260,0,0,101,135,400000
24263,0,0,101,143,9949990
24267,0,30,101,132,5050001
24283,0,41,101,139,9500000
24298,0,41,101,140,1085
24319,0,41,101,141,9900089
24334,0,41,101,8,40
24349,0,41,101,1,0
24365,0,41,101,46,2051900
24380,0,40,101,57,0
24400,0,40,101,58,2622527
24415,0,40,101,59,10041
24430,0,40,101,61,9
24445,0,31,101,62,899961
24461,0,0,101,135,401000
24463,0,0,101,143,9949999
24467,146,31,101,67,100000
24482,272,0,101,80,201000
24486,272,0,101,81,1699019
24491,272,0,101,85,2019
24494,272,31,101,46,1601512
24511,16,31,101,75,9900000
24527,16,31,101,95,5050000
24543,0,0,101,135,400000
24546,0,0,101,143,9949990
24552,0,31,101,106,9500010
24568,0,30,101,123,201001
24583,0,30,101,124,101950
24599,0,30,101,125,200998
24614,0,30,101,126,100000
24630,0,30,101,127,101009
24645,0,0,101,135,401000
24649,0,0,101,143,9449999
24652,16,21,101,128,5049505
24671,16,21,101,129,96020
24687,16,21,101,132,5050001
24703,0,0,101,135,400000
24706,0,0,101,143,9949990
24711,0,21,101,139,9500000
24726,0,21,101,140,1085
24743,0,21,101,141,9800089
24758,0,20,101,8,20
24773,0,20,101,1,0
24789,0,20,101,46,911102
24804,0,20,101,57,1000
24820,0,0,101,135,401010
24823,0,0,101,143,9949990
24826,0,20,101,58,3122127
24845,0,0,101,135,400000
24849,0,0,101,143,9949990
24852,0,20,101,59,10021
24868,0,20,101,61,9
24884,0,20,101,62,899991
24900,0,20,101,67,100000
24915,0,20,101,74,2011406
24930,0,20,101,75,9900000
24946,0,20,101,95,5050000
24962,0,20,101,106,9500010
24980,0,20,101,123,2001
24996,0,20,101,124,305950
25012,0,20,101,125,200999
25038,0,20,102,126,100000
25054,0,20,102,127,101009
25069,0,20,102,128,5049505
25085,8,11,102,129,90020
25100,8,11,102,132,5050001
25116,0,0,102,135,401000
25120,0,0,102,143,9449999
25124,24,11,102,139,9500000
25141,24,11,102,140,4045
25156,24,11,102,141,8312048
25172,0,0,102,135,400000
25175,0,0,102,143,9949990
25180,8,10,102,8,170
25197,8,10,102,1,20000
25222,8,10,102,46,400500
25238,0,10,102,57,1000
25253,0,10,102,58,2291728
25269,0,10,102,59,1106011
25285,0,10,102,61,5
25301,0,10,102,62,878990
25316,0,10,102,67,0
25332,0,10,102,74,691406
25348,0,10,102,75,9900000
25363,0,10,102,95,5050000
25379,0,0,102,135,401000
25382,0,0,102,143,9949990
25386,0,10,102,106,9500010
25402,0,10,102,123,104001
25427,0,10,102,124,400950
25443,0,10,102,125,201999
25459,0,10,102,126,100000
25474,0,10,102,127,101009
25489,0,10,102,128,5049505
25505,0,10,102,129,85020
25520,0,10,102,132,5050001
25536,0,10,102,139,9500000
25552,0,10,102,140,1085
25567,0,10,102,141,9900088
25584,0,10,102,8,0
25599,0,10,102,1,0
25615,0,10,102,46,0
25630,0,10,102,57,0
25645,0,10,102,58,2211627
25661,0,10,102,59,6011
25677,0,10,102,61,2
25693,0,10,102,62,879990
25708,0,10,102,67,0
25724,0,10,102,74,1406
25739,0,10,102,75,9900000
25755,0,10,102,95,5050000
25770,0,10,102,106,9500010
25786,0,10,102,123,1
25801,0,10,102,124,950
25817,0,10,102,125,203999
25838,0,10,102,126,100000
25854,0,10,102,127,1009
25869,0,10,102,128,5049505
25885,0,10,102,129,80020
25900,0,10,102,132,5050001
25916,0,10,102,139,9500000
25932,0,10,102,140,1085
25948,0,10,102,141,9900088
25963,0,10,102,8,0
25979,0,10,102,1,0
25995,0,10,102,46,0
26010,0,10,102,57,0
26026,0,10,102,58,2181627
26042,0,10,102,59,6011
26057,0,10,102,61,2
26073,0,10,102,62,879990
26089,0,10,102,67,0
26105,0,10,102,74,1406
26130,0,10,102,75,9900000
26145,0,10,102,95,5050000
26161,0,10,102,106,9500010
26177,0,10,102,123,1
26193,0,10,102,124,950
26208,0,10,102,125,204999
26224,0,10,102,126,100000
26239,0,10,102,127,1009
26255,0,10,102,128,5049505
26270,0,10,102,129,76020
26286,0,10,102,132,5050001
26302,0,10,102,139,9500000
26317,0,10,102,140,1085
26333,0,10,102,141,9900088
26349,0,10,102,8,0
26364,0,10,102,1,0
26379,0,10,102,46,0
26395,0,10,102,57,0
26410,0,10,102,58,2421627
26426,0,10,102,59,6011
26442,0,10,102,61,2
26457,0,10,102,62,880990
26473,0,10,102,67,0
26489,0,10,102,74,1406
26504,0,10,102,75,9900000
26520,0,10,102,95,5050000
26535,0,10,102,106,9500010
26550,0,0,102,135,400000
26553,0,0,102,143,9949990
26557,0,10,102,123,16001
26575,0,10,102,124,1307950
26591,0,0,102,135,401000
26594,0,0,102,143,9949999
26598,16,10,102,125,206999
26615,16,10,102,126,100000
26634,16,10,102,127,101009
26650,0,0,102,135,400000
26653,0,0,102,143,9949990
26656,0,10,102,128,5049505
26673,0,10,102,129,72020
26689,0,10,102,132,5150001
26705,0,21,102,139,9500000
26720,0,21,102,140,1085
26736,0,0,101,135,401010
26741,0,0,101,143,9949999
26744,16,31,101,141,8128028
26760,16,31,101,8,4800010
26785,16,31,101,1,50000
26801,16,31,101,46,1381615
26816,0,31,101,57,16000
26832,0,31,101,58,3002429
26849,0,30,101,59,10031
26864,0,41,101,61,3
26880,0,41,101,62,899961
26896,16,41,101,67,0
26912,16,41,101,74,4631406
26927,16,41,101,75,9600000
26943,0,40,101,95,5050000
26959,0,40,101,106,9500010
26974,0,40,101,123,1727001
26990,0,40,101,124,2716950
27005,0,40,101,125,200999
27022,0,40,101,126,101010
27037,0,40,101,127,101009
27053,16,40,101,128,5049505
27069,16,40,101,129,69020
27084,16,40,101,132,5150001
27100,0,40,101,139,9500000
27120,0,40,101,140,1085
27145,0,40,101,141,9900089
27161,0,40,101,8,40
27177,0,40,101,1,0
27193,0,40,101,46,2452400
27209,0,40,101,57,3000
27225,0,40,101,58,2262728
27241,0,40,101,59,10041
27256,0,40,101,61,3
27272,0,40,101,62,899991
27288,0,40,101,67,0
27303,0,40,101,74,5431406
27320,0,40,101,75,9900000
27335,0,40,101,95,5050000
27351,0,40,101,106,9500010
27367,0,40,101,123,1420001
27383,0,40,101,124,2114950
27399,0,40,101,125,200999
27414,0,40,101,126,101010
27430,0,40,101,127,101009
27445,0,40,101,128,5049505
27460,0,40,101,129,67020
27477,0,40,101,132,5150001
27493,0,40,101,139,9500000
27509,0,40,101,140,1015
27525,0,40,101,141,9900019
27540,0,41,101,8,60
27555,0,41,101,1,0
27571,0,41,101,46,2682800
27587,0,41,101,57,10000
27603,0,41,101,58,2022728
27618,0,41,101,59,10041
27634,0,40,101,61,3
27650,0,40,101,62,199991
27665,0,51,101,67,0
27681,0,51,101,74,6001406
27697,0,61,101,75,9600000
27713,0,61,101,95,5050000
27729,0,61,101,106,9500010
27744,0,61,101,123,1529001
27760,0,61,101,124,2915950
27775,0,60,101,125,200999
27790,0,60,101,126,101010
27806,0,60,101,127,101009
27822,0,60,101,128,5049505
27838,16,60,101,129,65020
27858,16,60,101,132,5150001
27874,16,60,101,139,9500000
27890,16,60,101,140,1015
27905,0,60,101,141,9900019
27921,0,60,101,8,0
27936,0,60,101,1,0
27952,0,60,101,46,3193300
27968,0,60,101,57,0
27983,0,60,101,58,1413027
28000,0,60,101,59,510061
28015,0,60,101,61,3
28030,0,60,101,62,899992
28047,0,60,101,67,0
28072,0,60,101,74,7281406
28088,0,60,101,75,9900000
28103,0,60,101,95,5050000
28119,0,60,101,106,9500010
28135,0,60,101,123,603001
28151,16,51,101,124,305950
28167,16,51,101,125,201999
28183,16,51,101,126,101010
28199,0,51,101,127,101009
28214,0,51,101,128,5049505
28230,0,51,101,129,463020
28245,0,50,101,132,5150001
28261,0,50,101,139,9500000
28276,257,41,101,61,142
28283,257,41,101,62,180911
28287,257,41,101,75,9700300
28293,257,41,101,57,58000
28299,273,31,101,8,6000085
28303,273,31,101,140,201015
28309,273,31,101,106,9500010
28314,273,31,101,8,5500117
28319,272,0,101,80,108040
28322,272,0,101,81,2096019
28326,272,0,101,85,3000019
28331,272,31,101,46,1871919
28350,16,31,101,62,180831
28365,0,31,101,67,100000
28380,0,31,101,74,4171506
28396,0,31,101,75,9600000
28411,0,30,101,95,5050000
28427,0,41,101,106,9500010
28443,0,41,101,123,631001
28453,145,61,101,124,3719950
28457,273,51,101,61,212
28462,272,0,101,80,102040
28466,272,0,101,81,2797019
28471,272,0,101,85,100019
28474,272,51,101,62,181811
28491,16,51,101,127,101009
28496,0,0,101,130,800010
28511,0,0,101,131,1550290
28513,272,51,101,61,372
28521,272,51,101,61,372
28525,272,51,101,57,2426005
28532,272,51,101,126,101010
28536,257,51,101,106,9500010
28543,257,51,101,8,84
28548,0,0,101,130,801020
28551,0,0,101,131,1500250
28555,257,51,101,46,2552925
28562,257,51,101,61,252
28566,257,51,101,62,179961
28573,257,51,101,75,9600060
28577,257,51,101,57,41000
28582,257,61,101,132,5150001
28588,256,0,101,80,108040
28591,256,0,101,81,2597019
28595,256,0,101,85,600019
28599,256,61,101,140,201015
28604,272,61,101,140,202025
28609,272,61,101,8,5200127
28614,272,61,101,46,3233328
28620,272,61,101,61,282
28625,272,61,101,62,874842
28645,0,0,101,130,809030
28649,0,0,101,131,151122
28652,80,61,101,106,9500010
28668,64,61,101,123,1211031
28684,64,61,101,124,506959
28709,64,60,101,125,201999
28725,64,60,101,126,101010
28741,64,60,101,127,101009
28757,64,60,101,128,5049505
28773,16,51,101,129,96020
28788,16,51,101,132,5150001
28804,16,51,101,139,9500000
28820,0,51,101,140,1085
28835,0,51,102,141,9701089
28851,0,50,102,8,21
28866,0,50,102,1,0
28887,0,31,102,46,2592909
28903,0,31,102,57,0
28913,146,31,101,58,1583628
28918,274,31,101,75,9900001
28923,274,31,101,57,5
28929,274,31,101,132,5150001
28934,274,31,101,140,201085
28940,272,0,101,80,205010
28943,272,0,101,81,2098019
28947,272,0,101,85,17019
28952,272,31,101,106,9500010
28968,16,31,101,75,9900000
28990,0,0,101,135,400000
28993,0,0,101,143,9951990
28996,0,31,101,95,5050000
29012,0,30,101,106,9500010
29027,0,30,101,123,1001
29043,0,21,101,124,509940
29058,8,21,101,125,200999
29068,0,0,102,135,401000
29071,0,0,102,143,9951999
29075,154,21,102,126,100000
29082,280,0,102,80,201000
29085,280,0,102,81,999019
29089,280,0,102,85,2019
29092,280,21,102,67,0
29108,24,21,102,128,5049505
29123,24,21,102,129,98020
29139,0,0,102,135,400000
29142,0,0,102,143,9951990
29145,8,21,102,132,5150001
29160,8,20,102,139,9500000
29175,8,20,102,140,1085
29191,0,20,102,141,9800089
29206,0,11,102,8,411
29222,0,0,102,135,401000
29225,0,0,102,143,9951999
29229,16,11,102,1,50000
29244,16,11,102,46,540512
29259,16,11,102,57,5
29275,16,11,102,58,3511827
29290,0,0,102,135,400000
29293,0,0,102,143,9951990
29296,0,10,102,59,6012
29313,0,10,102,61,9
29329,0,10,102,62,899990
29344,0,10,102,67,200000
29359,0,10,102,74,1071708
29374,0,10,102,75,9900000
29389,0,10,102,95,5050000
29404,0,10,102,106,9500010
29420,0,0,102,135,401010
29423,0,0,102,143,9951990
29426,0,10,102,123,118002
29442,0,10,102,124,1901950
29464,0,10,102,125,201999
29479,0,10,102,126,101010
29494,0,10,102,127,101009
29509,0,10,102,128,5049505
29524,0,10,102,129,92020
29540,16,21,102,132,5150002
29555,16,21,102,139,9500000
29570,16,21,102,140,1085
29585,0,21,102,141,8909089
29600,0,21,102,8,20
29615,0,20,102,1,0
29631,1,20,102,46,891010
29635,257,20,102,46,891010
29641,257,20,102,61,102
29646,257,20,102,62,182891
29653,257,20,102,75,9900040
29657,257,31,102,57,0
29663,256,0,102,80,106020
29667,256,0,102,81,997019
29671,256,0,102,85,400019
29674,256,31,102,132,5150002
29690,16,31,102,74,4461808
29705,0,0,102,130,900010
29708,0,0,102,131,2251440
29722,272,31,102,126,101010
29729,272,31,102,132,5150002
29733,272,31,102,140,205055
29739,272,31,102,8,4900063
29743,272,31,102,123,2552012
29749,257,31,102,62,899941
29754,0,0,102,130,909011
29757,0,0,102,131,2200210
29761,257,31,102,75,9600050
29768,257,31,102,57,39000
29773,257,31,102,132,5150002
29779,257,31,102,140,201015
29783,257,30,102,106,9500010
29789,257,30,102,8,68
29794,257,30,102,46,1712109
29800,257,30,102,61,92
29805,257,30,102,62,188941
29812,257,41,102,75,9800030
29816,257,41,102,57,0
29822,256,0,102,80,112040
29825,256,0,102,81,1796019
29829,256,0,102,85,700019
29832,256,41,102,132,5150002
29850,16,41,101,58,2632630
29866,16,41,101,59,908042
29889,16,41,101,61,182
29905,0,41,101,62,199971
29920,0,40,101,67,0
29936,0,40,101,74,6131908
29952,0,40,101,75,9900000
29967,0,40,101,95,5050000
29984,0,51,102,106,9500010
29999,0,51,102,123,628002
30015,16,61,102,124,1614950
30030,16,61,102,125,200999
30046,16,61,102,126,101010
30062,16,61,102,127,101009
30087,0,61,102,128,5049505
30103,0,61,102,129,95020
30119,0,60,102,132,5050002
30134,0,51,102,139,9500000
30150,0,51,102,140,1085
30165,0,51,102,141,8908089
30180,274,41,101,140,201085
30184,274,41,101,106,9500010
30191,274,41,101,8,5100004
30196,274,41,101,46,2591814
30202,272,0,101,80,204020
30205,272,0,101,81,2698019
30209,272,0,101,85,10019
30212,272,41,101,61,142
30229,16,41,101,59,908042
30245,0,0,101,135,400000
30249,0,0,101,143,9951990
30252,0,41,101,61,19
30268,0,41,101,62,899961
30284,0,31,101,67,100000
30299,0,31,101,74,3921909
30315,0,31,101,75,9900000
30325,0,0,101,135,401000
30329,0,0,101,143,9451999
30332,274,11,101,62,877771
30337,274,11,101,75,9900000
30343,274,11,101,57,5
30349,272,0,101,80,203010
30352,272,0,101,81,1299019
30355,272,0,101,85,5019
30359,272,11,101,132,5050002
30375,16,11,101,125,201999
30390,0,0,101,135,400000
30393,0,0,101,143,9951990
30397,0,11,101,126,100000
30413,0,11,101,127,101009
30428,0,11,101,128,5049505
30443,0,10,101,129,198020
30463,0,10,101,132,5050002
30473,0,0,101,135,401000
30476,0,0,101,143,9951999
30481,146,10,101,139,9500000
30486,272,0,101,80,201010
30490,272,0,101,81,599019
30493,272,0,101,85,2019
30497,272,10,101,140,201085
30513,16,10,101,141,8014088
30529,16,10,101,8,4900001
30544,0,0,101,135,400000
30547,0,0,101,143,9951990
30553,0,10,101,1,0
30570,0,10,101,46,340200
30585,0,10,101,57,0
30600,0,0,101,135,401000
30603,0,0,101,143,9951990
30606,0,10,101,58,2712528
30622,0,10,101,59,6012
30637,0,10,101,61,2
30653,0,10,101,62,880990
30668,0,10,101,67,0
30684,0,10,101,74,1911
30699,0,10,101,75,9900000
30714,0,10,101,95,5050000
30729,0,10,101,106,9500010
30744,0,10,101,123,1
30760,0,10,101,124,950
30775,0,10,101,125,202999
30799,0,10,101,126,100000
30814,0,10,101,127,1009
30830,0,10,101,128,5049505
30845,0,10,101,129,93020
30860,0,10,101,132,5050001
30875,0,10,101,139,9500000
30890,0,10,101,140,1085
30905,0,10,101,141,9900088
30920,0,10,101,8,0
30935,0,10,101,1,0
30950,0,10,101,46,0
30970,0,10,101,57,0
30986,0,10,101,58,2191928
31001,0,10,101,59,6011
31025,0,10,101,61,2
31041,0,10,101,62,880990
31056,0,10,101,67,0
31071,0,10,101,74,1911
31086,0,10,101,75,9900000
31102,0,10,101,95,5050000
31117,0,10,101,106,9500010
31133,0,10,101,123,1
31148,0,10,101,124,950
31164,0,10,101,125,204999
31179,0,10,101,126,100000
31194,0,10,101,127,1009
31209,0,10,101,128,5049505
31224,0,10,101,129,87020
31240,0,10,101,132,5050001
31255,0,10,101,139,9500000
31270,0,10,101,140,1085
31285,0,10,101,141,9900088
31300,0,10,101,8,0
31315,0,10,101,1,0
31330,0,10,101,46,0
31345,0,10,101,57,0
31369,0,10,101,58,2161928
31387,0,10,101,59,6011
31403,0,10,101,61,2
31418,0,10,101,62,881990
31433,0,10,101,67,0
31449,0,10,101,74,1911
31464,0,10,101,75,9900000
31479,0,10,101,95,5050000
31494,0,10,101,106,9500010
31510,0,10,101,123,1
31525,0,10,101,124,950
31540,0,10,101,125,205999
31555,0,10,101,126,100000
31570,0,10,101,127,1009
31585,0,10,101,128,5049505
31600,0,10,101,129,82020
31615,0,10,101,132,5050001
31630,0,10,101,139,9500000
31645,0,10,101,140,1085
31660,0,10,101,141,9900088
31675,0,10,101,8,400
31690,0,10,101,1,0
31706,0,10,101,46,0
31722,0,10,101,57,0
31746,0,10,101,58,2191628
31762,0,10,101,59,6011
31777,0,10,101,61,2
31793,0,10,101,62,881990
31808,0,10,101,67,0
31823,0,10,101,74,1911
31839,0,10,101,75,9900000
31854,0,10,101,95,5050000
31869,0,10,101,106,9500010
31884,0,10,101,123,1
31899,0,10,101,124,950
31914,0,10,101,125,207999
31930,0,10,101,126,100000
31945,0,10,101,127,1009
31960,0,10,101,128,5049505
31975,0,10,101,129,78020
31990,0,10,101,132,5050001
32005,0,10,101,139,9500000
32020,0,10,101,140,1085
32035,0,10,101,141,9900088
32050,0,10,101,8,420
32066,0,10,101,1,0
32080,0,0,101,144,30046
32083,0,0,101,145,52414
32087,0,0,101,146,63841
32092,0,0,101,147,28377
32095,0,0,101,148,48182
32099,0,0,101,149,25429
32101,0,0,101,150,18907
32105,0,0,101,151,8399
32109,0,10,101,46,0
32125,0,10,101,57,0
32140,0,10,101,58,2141728
32155,0,10,101,59,6011
32170,0,10,101,61,2
32190,0,10,101,62,881990
32206,0,10,101,67,0
32221,0,10,101,74,1911
32235,0,10,101,75,9900000
32251,0,10,101,95,5050000
32266,0,10,101,106,9500010
32281,0,10,101,123,1
32297,0,10,101,124,950
32317,0,10,101,125,208999
32333,0,10,101,126,100000
32348,0,10,101,127,1009
32363,0,10,101,128,5049505
32378,0,10,101,129,74020
32393,0,10,101,132,5050001
32409,0,10,101,139,9500000
32424,0,10,101,140,1085
32439,0,10,101,141,9900088
32454,0,10,101,8,0
32469,0,10,101,1,0
32484,0,10,101,46,0
32500,0,10,101,57,0
32514,0,10,101,58,2171828
32530,0,10,101,59,6011
32550,0,10,101,61,2
32565,0,10,101,62,881990
32580,0,10,101,67,0
32595,0,10,101,74,1911
32610,0,10,101,75,9900000
32625,0,10,101,95,5050000
32640,0,10,101,106,9500010
32655,0,10,101,123,1
32670,0,10,101,124,950
32685,0,10,101,125,210999
32701,0,10,101,126,100000
32715,0,10,101,127,1009
32731,0,10,101,128,5049505
32746,0,10,101,129,71020
32761,0,10,101,132,5050001
32777,0,10,101,139,9500000
32792,0,10,101,140,1085
32817,0,10,101,141,9900088
32834,0,10,101,8,0
32849,0,10,101,1,0
32864,0,10,101,46,0
32879,0,10,101,57,0
32894,0,10,101,58,2181728
32910,0,10,101,59,6011
32925,0,10,101,61,2
32940,0,10,101,62,881990
32955,0,10,101,67,0
32970,0,10,101,74,1911
32985,0,10,101,75,9900000
33000,0,10,101,95,5050000
33015,0,10,101,106,9500010
33030,0,10,101,123,1
33045,0,10,101,124,950
33060,0,10,101,125,211999
33075,0,10,101,126,100000
33090,0,10,101,127,1009
33105,0,10,101,128,5049505
33120,0,10,101,129,68020
33135,0,10,101,132,5050001
33150,0,10,101,139,9500000
33166,0,10,101,140,1085
33181,0,10,101,141,9900088
33195,0,10,101,8,0
33211,0,10,101,1,0
33226,0,10,101,46,0
33241,0,10,101,57,0
33257,0,10,101,58,2181728
33272,0,10,101,59,6011
33288,0,10,101,61,2
33303,0,10,101,62,881990
33320,0,10,101,67,0
33335,0,10,101,74,1911
33350,0,10,101,75,9900000
33366,0,10,101,95,5050000
33381,0,10,101,106,9500010
33395,0,10,101,123,1
33411,0,10,101,124,950
33426,0,10,101,125,212999
33441,0,10,101,126,100000
33456,0,10,101,127,1009
33471,0,10,101,128,5049505
33487,0,10,101,129,66020
33502,0,10,101,132,5050001
33517,0,10,101,139,9500000
33533,0,10,101,140,1085
33548,0,10,101,141,9900088
33563,0,10,101,8,0
33579,0,10,101,1,0
33594,0,10,101,46,0
33619,0,10,101,57,0
33634,0,10,101,58,2181728
33650,0,10,101,59,6011
33665,0,10,101,61,2
33680,0,10,101,62,881990
33695,0,10,101,67,0
33710,0,10,101,74,1911
33725,0,10,101,75,9900000
33740,0,10,101,95,5050000
33755,0,10,101,106,9500010
33770,0,10,101,123,1
33785,0,10,101,124,950
33800,0,10,101,125,214999
33815,0,10,101,126,100000
33830,0,10,101,127,1009
33845,0,10,101,128,5049505
33860,0,10,101,129,64020
33875,0,10,101,132,5050001
33890,0,10,101,139,9500000
33905,0,10,101,140,1085
33920,0,10,101,141,9900088
33936,0,10,101,8,0
33951,0,10,101,1,0
33966,0,10,101,46,0
33984,0,10,101,57,0
33999,0,10,101,58,2181728
34014,0,10,101,59,6011
34029,0,10,101,61,2
34044,0,10,101,62,881990
34060,0,10,101,67,0
34075,0,10,101,74,1911
34090,0,10,101,75,9900000
34105,0,10,101,95,5050000
34120,0,10,101,106,9500010
34135,0,10,101,123,1
34150,0,10,101,124,950
34165,0,10,101,125,215999
34180,0,10,101,126,100000
34195,0,10,101,127,1009
34210,0,10,101,128,5049505
34225,0,10,101,129,62020
34240,0,10,101,132,5050001
34256,0,10,101,139,9500000
34270,0,10,101,140,1085
34286,0,10,101,141,9900088
34301,0,10,101,8,0
34315,0,10,101,1,0
34331,0,10,101,46,0
34346,0,10,101,57,0
34361,0,10,101,58,3121728
34377,0,10,101,59,6011
34392,0,10,101,61,2
34407,0,10,101,62,882990
34423,0,10,101,67,0
34438,0,10,101,74,1911
34453,0,10,101,75,9900000
34468,0,10,101,95,5050000
34484,0,10,101,106,9500010
34499,0,10,101,123,103001
34514,0,10,101,124,300950
34529,0,10,101,125,217999
34544,0,10,101,126,100000
34559,0,10,101,127,1009
34574,0,10,101,128,5049505
34590,0,10,101,129,60020
34605,0,10,101,132,5050001
34620,0,10,101,139,9500000
34635,0,10,101,140,1085
34650,0,10,101,141,9900088
34665,0,10,101,8,40
34680,0,10,101,1,0
34705,0,10,101,46,100
34720,0,10,101,57,0
34735,0,10,101,58,3111728
34750,0,10,101,59,6011
34765,0,10,101,61,2
34780,0,10,101,62,882990
34796,0,10,101,67,0
34811,0,10,101,74,231911
34825,0,10,101,75,9900000
34841,0,10,101,95,5050000
34855,0,10,101,106,9500010
34871,0,10,101,123,204001
34886,0,10,101,124,402950
34901,0,10,101,125,218999
34917,0,10,101,126,100000
34932,0,10,101,127,1009
34947,0,10,101,128,5048505
34963,0,10,101,129,59020
34978,0,10,101,132,5050001
34993,0,10,101,139,9500000
35009,0,10,101,140,1085
35024,0,10,101,141,9900088
35039,0,10,101,8,0
35054,0,10,101,1,0
35069,0,10,101,46,60100
35084,0,10,101,57,0
35102,0,10,101,58,2251728
35117,0,10,101,59,6011
35132,0,10,101,61,2
35147,0,10,101,62,882990
35163,0,10,101,67,0
35178,0,10,101,74,1911
35194,0,10,101,75,9900000
35209,0,10,101,95,5050000
35224,0,10,101,106,9500010
35239,0,10,101,123,1
35264,0,10,101,124,950
35279,0,10,101,125,320999
35294,0,10,101,126,100000
35310,0,10,101,127,1009
35325,0,10,101,128,5048505
35340,0,10,101,129,58020
35355,0,10,101,132,5050001
35370,0,10,101,139,9500000
35385,0,10,101,140,1085
35400,0,10,101,141,9900088
35415,0,10,101,8,0
35430,0,10,101,1,0
35446,0,10,101,46,0
35461,0,10,101,57,0
35475,0,10,101,58,2181728
35491,0,10,101,59,6011
35505,0,10,101,61,2
35521,0,10,101,62,882990
35536,0,10,101,67,0
35552,0,10,101,74,1911
35576,0,10,101,75,9900000
35592,0,10,101,95,5050000
35607,0,10,101,106,9500010
35623,0,10,101,123,3001
35638,0,10,101,124,300950
35653,0,10,101,125,321999
35668,0,10,101,126,100000
35683,0,10,101,127,101009
35699,0,10,101,128,5048505
35714,0,10,101,129,57020
35730,0,10,101,132,5050001
35745,0,10,101,139,9500000
35760,0,10,101,140,1085
35775,0,10,101,141,9900088
35790,0,10,101,8,0
35805,0,10,101,1,0
35820,0,10,101,46,180200
35835,0,10,101,57,0
35850,0,10,101,58,3171727
35865,0,10,101,59,6011
35880,0,10,101,61,2
35895,0,10,101,62,882980
35910,0,10,101,67,0
35925,0,10,101,74,491911
35941,0,10,101,75,9900000
35956,0,10,101,95,5050000
35971,0,10,101,106,9500010
35986,0,10,101,123,5001
36002,0,10,101,124,400950
36017,0,10,101,125,323999
36033,0,10,101,126,100000
36048,0,10,101,127,101009
36063,0,10,101,128,5048505
36079,0,10,101,129,56020
36094,0,10,101,132,5050001
36109,0,10,101,139,9500000
36124,0,10,101,140,1085
36139,0,10,101,141,9800088
36154,0,10,101,8,150
36170,0,10,101,1,0
36185,0,10,101,46,270300
36200,0,10,101,57,0
36215,0,10,101,58,3171726
36242,0,10,101,59,6011
36258,0,10,101,61,2
36273,0,10,101,62,882980
36289,0,10,101,67,0
36304,0,10,101,74,571911
36319,0,10,101,75,9900000
36334,0,10,101,95,5050000
36349,0,10,101,106,9500010
36364,0,10,101,123,5001
36380,0,10,101,124,500950
36395,0,10,101,125,324999
36410,0,10,101,126,100000
36425,0,10,101,127,101009
36440,0,10,101,128,5048505
36455,0,10,101,129,55020
36470,0,10,101,132,5050001
36485,0,10,101,139,9500000
36500,0,0,101,135,400000
36503,0,0,101,143,9951990
36507,0,10,101,140,1085
36525,0,10,101,141,9900088
36550,0,10,101,8,190
36566,0,10,101,1,0
36585,0,0,101,135,401000
36589,0,0,101,143,9951990
36592,0,10,101,46,250300
36607,0,10,101,57,1000
36623,0,10,101,58,3181426
36638,0,10,101,59,6011
36654,0,10,101,61,2
36669,0,10,101,62,882990
36684,0,10,101,67,0
36699,0,10,101,74,541911
36714,0,10,101,75,9900000
36729,0,10,101,95,5050000
36744,0,10,101,106,9500010
36760,0,10,101,123,5001
36775,0,10,101,124,701950
36790,0,10,101,125,325999
36805,0,10,101,126,101010
36821,0,10,101,127,101009
36835,0,10,101,128,5048505
36851,0,10,101,129,54020
36866,0,10,101,132,5050001
36881,0,10,101,139,9500000
36897,0,10,101,140,1085
36912,0,10,101,141,9700088
36927,0,10,101,8,60
36943,0,10,101,1,10000
36959,0,10,101,46,310300
36974,0,10,101,57,0
36998,0,10,101,58,3131826
37019,0,10,101,59,6011
37034,0,10,101,61,2
37050,0,10,101,62,882990
37065,0,10,101,67,0
37080,0,10,101,74,711911
37095,0,10,101,75,9900000
37110,0,10,101,95,5050000
37125,0,10,101,106,9500010
37140,0,10,101,123,5001
37155,0,10,101,124,400950
37170,0,10,101,125,327999
37185,0,10,101,126,101010
37200,0,10,101,127,101009
37215,0,10,101,128,5048505
37230,0,10,101,129,54020
37246,0,10,101,132,5050001
37262,0,10,101,139,9500000
37279,0,10,101,140,1085
37294,0,0,101,135,400000
37298,0,0,101,143,9951990
37303,0,10,101,141,9900088
37322,0,10,101,8,0
37343,0,10,101,1,0
37358,0,0,101,135,401000
37362,0,0,101,143,9951990
37366,0,10,101,46,160305
37383,0,10,101,57,0
37397,0,10,101,58,2351727
37413,0,10,101,59,6011
37428,0,10,101,61,2
37443,0,10,101,62,882990
37459,0,10,101,67,0
37484,0,10,101,74,171911
37499,0,10,101,75,9900000
37514,0,10,101,95,5050000
37530,0,10,101,106,9500010
37545,0,10,101,123,302001
37560,0,10,101,124,101950
37575,0,10,101,125,328999
37590,0,10,101,126,100000
37605,0,10,101,127,1009
37620,0,10,101,128,5048505
37640,0,10,101,129,53020
37655,0,10,101,132,5050001
37670,0,10,101,139,9500000
37685,0,10,101,140,1085
37700,0,10,101,141,9900088
37715,0,10,101,8,0
37730,0,10,101,1,0
37745,0,10,101,46,0
37760,0,10,101,57,0
37775,0,10,101,58,2161626
37790,0,10,101,59,6011
37806,0,10,101,61,2
37821,0,10,101,62,882990
37836,0,10,101,67,0
37852,0,10,101,74,1911
37867,0,10,101,75,9900000
37883,0,10,101,95,5050000
37899,0,10,101,106,9500010
37923,0,10,101,123,1
37939,0,10,101,124,950
37954,0,10,101,125,330999
37969,0,10,101,126,100000
37985,0,10,101,127,1009
37999,0,10,101,128,5048505
38014,0,10,101,129,53020
38030,0,10,101,132,5050001
38044,0,10,101,139,9500000
38060,0,10,101,140,1085
38075,0,10,101,141,9900088
38090,0,10,101,8,0
38105,0,10,101,1,0
38120,0,10,101,46,0
38135,0,10,101,57,0
38150,0,10,101,58,2151626
38165,0,10,101,59,6011
38180,0,10,101,61,2
38195,0,10,101,62,882990
38210,0,10,101,67,0
38225,0,10,101,74,1911
38240,0,10,101,75,9900000
38255,0,10,101,95,5050000
38270,0,10,101,106,9500010
38285,0,10,101,123,1
38310,0,10,101,124,950
38326,0,10,101,125,331999
38340,0,10,101,126,100000
38355,0,10,101,127,1009
38370,0,10,101,128,5048505
38385,0,10,101,129,52020
38401,0,10,101,132,5050001
38416,0,10,101,139,9500000
38431,0,10,101,140,1085
38447,0,10,101,141,9900088
38462,0,10,101,8,0
38479,0,10,101,1,0
38494,0,10,101,46,0
38509,0,10,101,57,0
38524,0,10,101,58,2151626
38540,0,10,101,59,6011
38555,0,10,101,61,2
38570,0,10,101,62,882990
38585,0,10,101,67,0
38600,0,10,101,74,1911
38615,0,10,101,75,9900000
38630,0,10,101,95,5050000
38650,0,10,101,106,9500010
38665,0,10,101,123,1
38680,0,10,101,124,950
38695,0,10,101,125,333999
38710,0,10,101,126,100000
38725,0,10,101,127,1009
38740,0,10,101,128,5048505
38755,0,10,101,129,52020
38770,0,10,101,132,5050001
38785,0,10,101,139,9500000
38800,0,10,101,140,1085
38815,0,10,101,141,9900088
38830,0,10,101,8,0
38845,0,10,101,1,0
38860,0,10,101,46,0
38875,0,10,101,57,0
38890,0,10,101,58,2151626
38915,0,10,101,59,6011
38930,0,10,101,61,2
38945,0,10,101,62,882990
38960,0,10,101,67,0
38975,0,10,101,74,1911
38990,0,10,101,75,9900000
39005,0,10,101,95,5050000
39020,0,10,101,106,9500010
39035,0,10,101,123,1
39050,0,10,101,124,950
39065,0,10,101,125,334999
39080,0,10,101,126,100000
39095,0,10,101,127,1009
39110,0,10,101,128,5048505
39125,0,10,101,129,52020
39140,0,10,101,132,5050001
39155,0,10,101,139,9500000
39170,0,10,101,140,1085
39185,0,10,101,141,9900088
39200,0,10,101,8,0
39215,0,10,101,1,0
39230,0,10,101,46,0
39245,0,10,101,57,0
39260,0,10,101,58,2151626
39275,0,10,101,59,6011
39290,0,10,101,61,2
39305,0,10,101,62,882990
39321,0,10,101,67,0
39336,0,10,101,74,1911
39351,0,10,101,75,9900000
39365,0,10,101,95,5050000
39381,0,10,101,106,9500010
39395,0,10,101,123,1
39415,0,10,101,124,950
39431,0,10,101,125,335999
39455,0,10,101,126,100000
39475,0,10,101,127,1009
39491,0,10,101,128,5048505
39505,0,10,101,129,52020
39521,0,10,101,132,5050001
39536,0,10,101,139,9500000
39551,0,10,101,140,1085
39567,0,10,101,141,9900088
39582,0,10,101,8,0
39597,0,10,101,1,0
39614,0,10,101,46,0
39629,0,10,101,57,0
39649,0,10,101,58,2151626
39664,0,10,101,59,6011
39680,0,10,101,61,2
39695,0,10,101,62,882990
39710,0,10,101,67,0
39725,0,10,101,74,1911
39740,0,10,101,75,9900000
39755,0,10,101,95,5050000
39770,0,10,101,106,9500010
39785,0,10,101,123,1
39800,0,10,101,124,950
39816,0,10,101,125,337999
39831,0,10,101,126,100000
39845,0,10,101,127,1009
39861,0,10,101,128,5048505
39875,0,10,101,129,51020
39891,0,10,101,132,5050001
39906,0,10,101,139,9500000
39931,0,10,101,140,1085
39950,0,10,101,141,9900088
39965,0,10,101,8,0
39980,0,10,101,1,0
39995,0,10,101,46,0
40010,0,10,101,57,0
40025,0,10,101,58,2151626
40040,0,10,101,59,6011
40055,0,10,101,61,2
40070,0,10,101,62,882990
40085,0,10,101,67,0
40100,0,10,101,74,1911
40115,0,10,101,75,9900000
40130,0,10,101,95,5050000
40145,0,10,101,106,9500010
40160,0,10,101,123,1
40175,0,10,101,124,950
40200,0,10,101,125,338999
40215,0,10,101,126,100000
40231,0,10,101,127,1009
40246,0,10,101,128,5048505
40261,0,10,101,129,51020
40276,0,10,101,132,5050001
40292,0,10,101,139,9500000
40307,0,10,101,140,1085
40322,0,10,101,141,9900088
40338,0,10,101,8,0
40358,0,10,101,1,0
40373,0,10,101,46,0
40389,0,10,101,57,0
40404,0,10,101,58,2151626
40419,0,10,101,59,6011
40434,0,10,101,61,2
40449,0,10,101,62,882990
40464,0,10,101,67,0
40480,0,10,101,74,1911
40495,0,10,101,75,9900000
40510,0,10,101,95,5050000
40525,0,10,101,106,9500010
40540,0,10,101,123,1
40560,0,10,101,124,950
40577,0,10,101,125,340999
40592,0,10,101,126,100000
40608,0,10,101,127,1009
40623,0,10,101,128,5048505
40639,0,10,101,129,51020
40654,0,10,101,132,5050001
40669,0,10,101,139,9500000
40684,0,10,101,140,1085
40700,0,10,101,141,9900088
40714,0,10,101,8,0
40730,0,10,101,1,0
40745,0,10,101,46,0
40760,0,10,101,57,0
40776,0,10,101,58,2151626
40801,0,10,101,59,6011
40817,0,10,101,61,2
40832,0,10,101,62,882990
40848,0,10,101,67,0
40863,0,10,101,74,1911
40878,0,10,101,75,9900000
40893,0,10,101,95,5050000
40909,0,10,101,106,9500010
40924,0,10,101,123,1
40940,0,10,101,124,950
40955,0,10,101,125,341999
40970,0,10,101,126,100000
40985,0,10,101,127,1009
41000,0,10,101,128,5048505
41015,0,10,101,129,51020
41030,0,10,101,132,5050001
41045,0,10,101,139,9500000
41060,0,10,101,140,1085
41075,0,10,101,141,9900088
41090,0,10,101,8,0
41105,0,10,101,1,0
41120,0,10,101,46,0
41136,0,10,101,57,0
41151,0,10,101,58,2151626
41167,0,10,101,59,6011
41182,0,10,101,61,2
41197,0,10,101,62,882990
41213,0,10,101,67,0
41229,0,10,101,74,1911
41244,0,10,101,75,9900000
41259,0,10,101,95,5050000
41275,0,10,101,106,9500010
41290,0,10,101,123,1
41305,0,10,101,124,950
41320,0,10,101,125,343999
41335,0,10,101,126,100000
41350,0,10,101,127,1009
41365,0,10,101,128,5048505
41380,0,10,101,129,51020
41395,0,10,101,132,5050001
41410,0,10,101,139,9500000
41435,0,10,101,140,1085
41460,0,10,101,141,9900088
41475,0,10,101,8,0
41490,0,10,101,1,0
41505,0,0,101,144,30046
41509,0,0,101,145,52414
41512,0,0,101,146,63841
41515,0,0,101,147,28377
41519,0,0,101,148,48182
41522,0,0,101,149,25429
41526,0,0,101,150,18907
41531,0,0,101,151,8399
41534,0,10,101,46,0
41550,0,10,101,57,0
41565,0,10,101,58,2151626
41580,0,10,101,59,6011
41596,0,10,101,61,2
41611,0,10,101,62,882990
41626,0,10,101,67,0
41641,0,10,101,74,1911
41655,0,10,101,75,9900000
41671,0,10,101,95,5050000
41686,0,10,101,106,9500010
41702,0,10,101,123,1
41717,0,10,101,124,950
41732,0,10,101,125,344999
41747,0,10,101,126,100000
41763,0,10,101,127,1009
41778,0,10,101,128,5048505
41793,0,10,101,129,51020
41809,0,10,101,132,5050001
41824,0,10,101,139,9500000
41840,0,10,101,140,1085
41854,0,10,101,141,9900088
41870,0,10,101,8,0
41885,0,10,101,1,0
41900,0,10,101,46,0
41916,0,10,101,57,0
41931,0,10,101,58,2151626
41951,0,10,101,59,6011
41967,0,10,101,61,2
41982,0,10,101,62,882990
41997,0,10,101,67,0
42013,0,10,101,74,1911
42029,0,10,101,75,9900000
42044,0,10,101,95,5050000
42069,0,10,101,106,9500010
42084,0,10,101,123,1
42099,0,10,101,124,950
42114,0,10,101,125,346999
42130,0,10,101,126,100000
42145,0,10,101,127,1009
42160,0,10,101,128,5048505
42175,0,10,101,129,51020
42190,0,10,101,132,5050001
42205,0,10,101,139,9500000
42220,0,10,101,140,1085
42236,0,10,101,141,9900088
42251,0,10,101,8,0
42265,0,10,101,1,0
42281,0,10,101,46,0
42295,0,10,101,57,0
42311,0,10,101,58,2151626
42326,0,10,101,59,6011
42342,0,10,101,61,2
42357,0,10,101,62,882990
42372,0,10,101,67,0
42387,0,10,101,74,1911
42403,0,10,101,75,9900000
42418,0,10,101,95,5050000
42433,0,10,101,106,9500010
42449,0,10,101,123,1
42464,0,10,101,124,950
42479,0,10,101,125,347999
42495,0,10,101,126,100000
42510,0,10,101,127,1009
42525,0,10,101,128,5048505
42540,0,10,101,129,50020
42555,0,10,101,132,5050001
42570,0,10,101,139,9500000
42585,0,10,101,140,1085
42600,0,10,101,141,9900088
42615,0,10,101,8,0
42630,0,10,101,1,0
42645,0,10,101,46,0
42660,0,10,101,57,0
42675,0,10,101,58,2151626
42690,0,10,101,59,6011
42715,0,10,101,61,2
42730,0,10,101,62,882990
42750,0,10,101,67,0
42766,0,10,101,74,1911
42781,0,10,101,75,9900000
42796,0,10,101,95,5050000
42812,0,10,101,106,9500010
42827,0,10,101,123,1
42843,0,10,101,124,950
42858,0,10,101,125,348999
42874,0,10,101,126,100000
42889,0,10,101,127,1009
42904,0,10,101,128,5048505
42919,0,10,101,129,50020
42939,0,10,101,132,5050001
42954,0,10,101,139,9500000
42970,0,10,101,140,1085
42985,0,10,101,141,9900088
43000,0,10,101,8,0
43015,0,10,101,1,0
43031,0,10,101,46,0
43046,0,10,101,57,0
43062,0,10,101,58,2151626
43077,0,10,101,59,6011
43092,0,10,101,61,2
43108,0,10,101,62,882990
43123,0,10,101,67,0
43138,0,10,101,74,1911
43153,0,10,101,75,9900000
43169,0,10,101,95,5050000
43184,0,10,101,106,9500010
43199,0,10,101,123,1
43215,0,10,101,124,950
43230,0,10,101,125,350999
43245,0,10,101,126,100000
43260,0,10,101,127,1009
43275,0,10,101,128,5048505
43290,0,10,101,129,50020
43305,0,10,101,132,5050001
43329,0,10,101,139,9500000
43354,0,10,101,140,1085
43369,0,10,101,141,9900088
43384,0,10,101,8,0
43399,0,10,101,1,0
43414,0,10,101,46,0
43430,0,10,101,57,0
43445,0,10,101,58,2151626
43460,0,10,101,59,6011
43475,0,10,101,61,2
43490,0,10,101,62,882990
43505,0,10,101,67,0
43520,0,10,101,74,1911
43535,0,10,101,75,9900000
43550,0,10,101,95,5050000
43566,0,10,101,106,9500010
43581,0,10,101,123,1
43596,0,10,101,124,950
43612,0,10,101,125,351999
43627,0,10,101,126,100000
43643,0,10,101,127,1009
43658,0,10,101,128,5048505
43674,0,10,101,129,50020
43689,0,10,101,132,5050001
43704,0,10,101,139,9500000
43719,0,10,101,140,1085
43734,0,10,101,141,9900088
43750,0,10,101,8,0
43765,0,10,101,1,0
43780,0,10,101,46,0
43795,0,10,101,57,0
43810,0,10,101,58,2151626
43825,0,10,101,59,6011
43840,0,10,101,61,2
43855,0,10,101,62,882990
43871,0,10,101,67,0
43886,0,10,101,74,1911
43902,0,10,101,75,9900000
43917,0,10,101,95,5050000
43932,0,10,101,106,9500010
43947,0,10,101,123,1
43973,0,10,101,124,950
43988,0,10,101,125,353999
44003,0,10,101,126,100000
44019,0,10,101,127,1009
44034,0,10,101,128,5048505
44050,0,10,101,129,50020
44065,0,10,101,132,5050001
44080,0,10,101,139,9500000
44095,0,10,101,140,1085
44110,0,10,101,141,9900088
44125,0,10,101,8,0
44140,0,10,101,1,0
44155,0,10,101,46,0
44171,0,10,101,57,0
44186,0,10,101,58,2151626
44202,0,10,101,59,6011
44217,0,10,101,61,2
44232,0,10,101,62,882990
44248,0,10,101,67,0
44263,0,10,101,74,1911
44279,0,10,101,75,9900000
44294,0,10,101,95,5050000
44309,0,10,101,106,9500010
44324,0,10,101,123,1
44340,0,10,101,124,950
44354,0,10,101,125,354999
44370,0,10,101,126,100000
44385,0,10,101,127,1009
44400,0,10,101,128,5048505
44415,0,10,101,129,50020
44430,0,10,101,132,5050001
44445,0,10,101,139,9500000
44460,0,10,101,140,1085
44475,0,10,101,141,9900088
44490,0,10,101,8,0
44506,0,10,101,1,0
44521,0,10,101,46,0
44536,0,10,101,57,0
44552,0,10,101,58,3141226
44567,0,10,101,59,6011
44583,0,10,101,61,2
44608,0,10,101,62,882990
44623,0,10,101,67,0
44638,0,10,101,74,1911
44653,0,10,101,75,9900000
44669,0,10,101,95,5050000
44684,0,10,101,106,9500010
44699,0,10,101,123,1
44715,0,10,101,124,950
44732,0,10,101,125,356999
44747,0,10,101,126,100000
44764,0,10,101,127,1009
44782,0,10,101,128,5048505
44797,0,10,101,129,50020
44814,0,10,101,132,5050001
44830,0,10,101,139,9500000
44845,0,10,101,140,1085
44860,0,10,101,141,9900088
44875,0,10,101,8,80
44891,0,10,101,1,0
44905,0,10,101,46,0
44921,0,10,101,57,0
44945,0,10,101,58,3111226
44960,0,10,101,59,6011
44975,0,10,101,61,2
44990,0,10,101,62,882990
45005,0,10,101,67,0
45021,0,10,101,74,1911
45036,0,10,101,75,9900000
45052,0,10,101,95,5050000
45067,0,10,101,106,9500010
45082,0,10,101,123,605001
45097,0,10,101,124,606950
45118,0,10,101,125,357999
45134,0,10,101,126,100000
45149,0,10,101,127,1009
45164,0,10,101,128,5048505
45180,0,10,101,129,50020
45195,0,10,101,132,5050001
45210,0,10,101,139,9500000
45225,0,10,101,140,1085
45240,0,10,101,141,9900088
45260,0,10,101,8,100000
45276,0,10,101,1,0
45294,0,10,101,46,30200
45309,0,10,101,57,0
45324,0,10,101,58,3141226
45350,0,10,101,59,6011
45365,0,10,101,61,2
45380,0,10,101,62,882960
45396,0,10,101,67,0
45416,0,10,101,74,561911
45431,0,10,101,75,9900000
45446,0,10,101,95,5050000
45461,0,10,101,106,9500010
45476,0,10,101,123,8001
45492,0,10,101,124,900950
45507,0,10,101,125,359999
45523,0,10,101,126,100000
45539,0,10,101,127,101009
45554,0,10,101,128,5048505
45569,0,10,101,129,50020
45585,0,10,101,132,5050001
45600,0,10,101,139,9500000
45615,0,10,101,140,1085
45630,0,10,101,141,9800088
45645,0,10,101,8,260
45660,0,10,101,1,0
45675,0,10,101,46,190407
45705,0,10,101,57,1000
45720,0,10,101,58,3091727
45735,0,10,101,59,6011
45750,0,10,101,61,2
45766,0,10,101,62,882970
45781,0,10,101,67,0
45797,0,10,101,74,481911
45812,0,10,101,75,9900000
45827,0,10,101,95,5050000
45843,0,10,101,106,9500010
45858,0,10,101,123,6001
45873,0,10,101,124,600950
45889,0,10,101,125,360999
45904,0,10,101,126,100000
45920,0,10,101,127,101009
45935,0,10,101,128,5048505
45950,0,10,101,129,50020
45965,0,10,101,132,5050001
45981,0,10,101,139,9500000
45996,0,10,101,140,1085
46011,0,10,101,141,9900088
46027,0,10,101,8,110
46042,0,10,101,1,0
46058,0,10,101,46,240200
46074,0,10,101,57,0
46089,0,10,101,58,3161726
46104,0,10,101,59,6011
46119,0,10,101,61,2
46134,0,10,101,62,882980
46150,0,10,101,67,0
46165,0,10,101,74,471911
46185,0,10,101,75,9900000
46200,0,10,101,95,5050000
46215,0,10,101,106,9500010
46231,0,10,101,123,3001
46246,0,10,101,124,200950
46262,0,10,101,125,361999
46277,0,10,101,126,100000
46297,0,10,101,127,101009
46313,0,10,101,128,5048505
46328,0,10,101,129,50020
46343,0,10,101,132,5050001
46359,0,10,101,139,9500000
46374,0,10,101,140,1015
46391,0,10,101,141,9900019
46412,0,10,101,8,140
46427,0,10,101,1,10000
46443,0,10,101,46,100200
46458,16,10,101,57,5
46474,0,0,101,130,1000010
46477,0,0,101,131,52350
46482,272,10,101,132,5050001
46487,272,10,101,67,0
46493,272,10,101,132,5050001
46499,272,10,101,58,3061728
46503,272,10,101,59,908011
46509,256,10,101,75,9400000
46514,256,10,101,57,1
46520,256,10,101,132,5050001
46525,0,0,101,130,1001020
46529,0,0,101,131,5280
46532,256,10,101,140,201015
46537,256,10,101,106,9500010
46543,256,10,101,8,400550
46549,256,10,101,46,190718
46553,256,10,101,61,172
46559,256,10,101,62,181990
46564,256,10,101,75,9400000
46570,256,10,101,57,131000
46575,256,10,101,132,5050001
46582,256,10,101,140,201085
46586,264,10,101,106,9500010
46593,264,10,101,8,500300
46597,264,10,101,46,590725
46603,280,10,101,75,9900000
46609,0,0,101,130,1009020
46612,0,0,101,131,9962530
46615,280,10,101,57,1500006
46622,280,10,101,61,491
46626,280,10,101,132,5050001
46632,280,10,101,8,6200160
46637,280,10,101,106,9500010
46642,280,10,101,140,202025
46647,280,10,101,46,1141651
46653,280,10,101,67,200000
46659,280,10,101,75,9900000
46663,264,10,101,62,899701
46670,264,10,101,75,9900000
46686,8,10,101,123,155001
46701,8,10,101,124,5501950
46712,257,10,101,57,512001
46717,257,31,101,132,5050001
46723,257,31,101,140,201085
46727,257,31,101,106,9500010
46738,256,0,101,80,104010
46741,256,0,101,81,1299019
46745,256,0,101,85,2800019
46749,256,31,101,8,900074
46765,0,31,101,132,5050001
46780,0,31,101,139,9500000
46795,0,31,101,140,1085
46820,0,31,101,141,9900089
46835,0,30,101,8,242
46851,0,30,101,1,0
46866,0,30,101,46,1841700
46891,0,30,101,57,20000
46906,0,0,101,135,400000
46911,0,0,101,143,9951990
46914,0,30,101,58,2902327
46932,0,0,101,135,401010
46935,0,0,101,143,9951990
46940,0,30,101,59,6031
46955,0,30,101,61,63
46970,0,30,101,62,199961
46996,0,30,101,67,100000
47011,0,30,101,74,4052011
47026,0,51,101,75,9800000
47042,0,51,101,95,5050000
47057,0,51,101,106,9500010
47072,16,61,102,123,1634001
47088,16,61,102,124,3217950
47103,16,61,102,125,200999
47119,0,61,102,126,101010
47134,0,61,102,127,101009
47149,0,60,102,128,5048505
47165,0,60,102,129,192020
47180,0,60,102,132,5050001
47195,0,60,102,139,9500000
47210,0,60,102,140,1015
47225,0,60,102,141,9900019
47240,0,60,102,8,0
47260,0,60,102,1,0
47275,0,60,102,46,3283300
47291,0,60,102,57,1000
47306,0,60,102,58,1442926
47327,0,60,102,59,510061
47342,0,60,102,61,3
47358,0,60,102,62,899992
47373,0,60,102,67,0
47389,0,60,102,74,7292011
47404,0,60,102,75,9900000
47419,0,60,102,95,5050000
47434,0,60,102,106,9500010
47450,0,60,102,123,1
47465,0,60,102,124,950
47480,0,60,102,125,201999
47495,0,60,102,126,101010
47511,0,60,102,127,101009
47526,0,60,102,128,5048505
47537,0,0,102,130,1100010
47542,0,0,102,131,1000029
47545,274,51,102,8,5092021
47552,274,51,102,123,1914011
47556,274,51,102,124,915953
47563,0,0,102,130,1109012
47566,0,0,102,131,1052003
47571,274,51,102,75,9900000
47576,272,0,102,80,204010
47581,272,0,102,81,2799019
47584,272,0,102,85,8019
47587,272,51,102,57,5
47603,16,51,102,8,4900023
47619,0,0,102,135,400000
47622,0,0,102,143,9951990
47625,0,51,102,1,0
47641,0,51,102,46,2832601
47657,0,51,102,57,0
47673,0,50,102,58,1353727
47688,0,50,102,59,610051
47704,0,31,102,61,99
47719,0,31,102,62,899881
47729,0,0,102,135,401000
47732,0,0,102,143,9951999
47736,146,31,102,67,100000
47752,274,31,102,132,5050001
47756,274,31,102,140,204045
47763,274,31,102,8,5100144
47767,274,31,102,67,100000
47773,272,0,102,80,205010
47776,272,0,102,81,1899019
47781,272,0,102,85,17019
47784,272,31,102,132,5050001
47801,16,31,102,124,400950
47816,0,0,102,135,400000
47821,0,0,102,143,9951990
47824,0,30,102,125,200999
47840,0,30,102,126,100000
47855,0,30,102,127,101009
47865,257,21,102,61,105
47871,257,21,102,62,875841
47875,257,21,102,75,9900140
47882,257,21,102,57,10000
47886,257,21,102,132,5050001
47893,257,21,102,140,201085
47898,0,0,102,135,401000
47901,0,0,102,143,9951999
47905,273,11,102,8,5000018
47911,273,11,102,8,5200018
47916,273,11,102,46,740511
47922,272,0,102,80,109020
47925,272,0,102,81,1098019
47930,272,0,102,85,1800019
47934,272,11,102,61,112
47951,16,11,102,58,2822527
47966,16,11,102,59,906011
47981,0,0,102,135,400000
47985,0,0,102,143,9951990
47989,0,11,102,61,9
48004,0,11,102,62,899990
48019,0,10,102,67,200000
48040,0,10,102,74,1092113
48055,0,10,102,75,9900000
48070,0,10,102,95,5050000
48086,0,10,102,106,9500010
48101,0,10,102,123,209001
48116,0,10,102,124,1108950
48132,0,10,102,125,201999
48147,0,10,102,126,100000
48163,0,10,102,127,101009
48178,0,10,102,128,5048505
48193,0,10,102,129,195020
48209,0,10,102,132,5050001
48225,0,10,102,139,9500000
48240,0,10,102,140,1015
48255,0,0,102,135,401010
48258,0,0,102,143,9951990
48262,0,10,102,141,9800018
48282,0,10,102,8,10
48297,0,10,102,1,0
48313,0,10,102,46,490500
48328,0,10,102,57,3000
48343,0,10,102,58,3131927
48369,144,31,102,59,909031
48384,16,21,102,61,172
48409,16,21,102,62,176791
48429,16,21,102,67,200000
48444,0,21,102,74,3122113
48460,0,21,101,75,9600000
48475,0,20,101,95,5050000
48490,0,20,101,106,9500010
48505,0,31,101,123,1138001
48520,0,31,101,124,2605950
48535,16,31,101,125,200999
48550,16,31,101,126,101010
48565,16,31,101,127,101009
48585,0,31,101,128,5048505
48601,0,31,101,129,489020
48617,0,31,101,132,5150001
48632,0,30,100,139,9500000
48648,0,30,100,140,1015
48663,0,41,100,141,9800019
48678,16,41,100,8,5100040
48694,16,41,100,1,50000
48710,16,41,100,46,2312513
48725,16,41,100,57,200005
48740,0,40,100,58,2763029
48755,0,40,100,59,10041
48770,0,40,100,61,13
48786,0,40,100,62,899981
48802,0,40,100,67,100000
48817,0,40,102,74,5412113
48832,0,40,102,75,9900000
48847,0,40,102,95,5050000
48863,0,40,102,106,9500010
48879,0,40,102,123,916001
48894,0,40,102,124,1809950
48909,0,40,102,125,200999
48925,0,40,102,126,101010
48940,0,40,102,127,101009
48955,0,40,102,128,5049505
48970,0,40,100,129,83020
48985,0,40,100,132,5150001
49001,0,40,100,139,9500000
49015,0,40,100,140,1015
49031,0,40,100,141,9704019
49046,0,40,100,8,30
49067,0,40,100,1,0
49082,0,40,100,46,2382704
49098,0,40,100,57,33000
49113,0,51,102,58,2182729
49129,0,51,102,59,10051
49144,16,61,102,61,142
49159,16,61,102,62,184842
49174,16,61,102,67,0
49190,0,61,102,74,7232113
49205,0,61,102,75,9600000
49220,0,61,102,95,5050000
49235,0,60,102,106,9500010
49250,0,60,102,123,1820002
49265,0,60,102,124,1316950
49281,0,60,102,125,200999
49296,0,60,102,126,101010
49311,0,60,102,127,101009
49327,0,60,102,128,5049505
49347,0,60,102,129,79020
49363,0,60,102,132,5150002
49379,0,60,102,139,9500000
49394,0,60,102,140,1015
49410,0,60,102,141,9904089
49425,0,51,102,8,310
49440,8,51,102,1,20000
49455,24,31,100,46,2392122
49470,24,31,100,57,700006
49485,24,31,100,58,1853029
49500,8,31,100,59,305032
49516,8,31,100,61,23
49532,0,31,99,62,899981
49547,0,41,99,67,100000
49563,0,31,99,74,4522113
49578,257,21,99,57,67000
49583,265,21,99,75,9600200
49588,265,21,99,57,100000
49593,265,21,99,132,5050002
49599,281,21,99,106,9500010
49604,281,21,99,140,202025
49611,281,21,99,46,1171231
49615,280,0,99,80,107040
49619,280,0,99,81,1596019
49622,280,0,99,85,3000019
49626,280,21,99,67,200000
49638,152,21,99,128,5049505
49658,152,21,99,129,199020
49679,8,21,99,132,5050002
49699,8,20,99,139,9500000
49714,8,20,99,140,1085
49742,8,20,99,141,9302089
49753,152,11,102,8,6300015
49768,24,11,102,1,50000
49784,24,11,102,46,900720
49799,24,11,102,57,5
49814,8,11,102,58,1881929
49830,0,21,102,59,704022
49845,0,21,102,61,3
49860,0,21,102,62,899961
49875,0,21,102,67,100000
49891,0,11,102,74,1602213
49906,16,21,102,75,9900000
49921,16,21,102,95,5050000
49936,24,21,102,106,9500010
49952,24,21,102,123,928002
49967,8,21,102,124,2706950
49988,8,21,102,125,201999
50003,8,20,102,126,101010
50018,8,20,102,127,101009
50033,8,20,102,128,5049505
50049,8,20,102,129,192020
50064,24,20,102,132,5050002
50080,24,20,102,139,9500000
50095,24,20,102,140,4045
50110,8,20,102,141,9101089
50125,8,20,102,8,10
50140,8,20,102,1,20000
50155,0,20,102,46,870501
50170,0,20,102,57,0
50195,0,11,102,58,3142031
50211,0,11,102,59,1106013
50226,0,11,102,61,2
50241,0,11,102,62,178970
50257,0,11,102,67,0
50282,0,10,102,74,812213
50297,0,10,102,75,9900000
50313,0,10,102,95,5050000
50328,0,10,102,106,9500010
50343,0,10,102,123,12003
50359,0,10,102,124,902950
50374,0,10,102,125,201999
50390,0,10,102,126,101010
50405,0,10,102,127,101009
50420,0,10,102,128,5049505
50435,0,10,102,129,187020
50450,0,10,102,132,5050003
50465,0,10,102,139,9500000
50480,0,10,102,140,1015
50496,0,10,102,141,9900019
50511,0,10,102,8,120
50526,16,10,102,1,50000
50542,0,0,102,144,30046
50545,0,0,102,145,52414
50549,0,0,102,146,63841
50552,0,0,102,147,28377
50556,0,0,102,148,48182
50560,0,0,102,149,25429
50563,0,0,102,150,18907
50567,0,0,102,151,8399
50572,24,10,102,46,660818
50589,24,10,102,57,500005
50614,8,10,102,58,3261830
50629,8,10,102,59,709013
50644,8,10,102,61,63
50659,8,21,102,62,899961
50674,8,21,102,67,200000
50690,8,21,102,74,1662213
50705,8,21,102,75,9900000
50720,8,21,102,95,5050000
50736,0,20,102,106,9500010
50751,0,20,102,123,2003
50771,0,20,102,124,200950
50786,0,20,103,125,200999
50801,0,11,103,126,101010
50817,0,11,103,127,101009
50833,16,11,103,128,5049505
50848,16,11,103,129,182020
50863,16,11,103,132,5050003
50879,0,11,103,139,9500000
50894,0,10,103,140,1015
50914,0,10,103,141,9500089
50930,0,10,103,8,30
50945,0,10,103,1,0
50960,0,10,102,46,500400
50975,0,10,102,57,0
50985,273,11,102,75,9900230
50991,273,11,102,57,3125005
50996,273,11,102,61,341
51007,273,11,102,132,4950003
51013,273,11,102,8,4900045
51017,273,11,102,106,9500010
51023,273,11,102,140,202025
51029,273,11,102,46,1291838
51033,273,11,102,67,100000
51040,257,11,102,75,9600290
51045,257,11,102,57,669001
51051,257,11,102,61,271
51056,257,11,102,132,4950003
51062,257,11,102,8,500089
51067,257,11,102,106,9500010
51073,257,11,102,140,202025
51079,257,11,102,46,1321827
51083,265,10,102,46,1321815
51089,265,10,102,61,151
51094,265,10,102,62,182741
51101,265,10,102,75,9800010
51110,264,0,102,80,121040
51113,264,0,102,81,1097019
51117,264,0,102,85,3100019
51122,264,31,102,57,100000
51138,24,31,99,46,1712118
51154,24,31,99,57,3000005
51169,24,31,99,58,2502430
51185,8,31,99,59,305034
51200,8,31,99,61,23
51215,257,30,99,132,4950004
51221,257,30,99,140,201015
51231,257,30,99,106,9500010
51236,257,30,99,8,97
51243,257,30,99,46,1682109
51247,257,30,99,61,92
51253,257,30,99,62,187941
51258,257,30,99,75,9800090
51263,257,51,99,57,0
51269,257,51,99,132,4950002
51274,256,0,99,80,110040
51277,256,0,99,81,1796019
51281,256,0,99,85,1000019
51285,256,51,99,140,201015
51301,16,61,102,128,5049505
51316,16,61,102,129,498020
51331,16,61,102,132,4950002
51347,0,61,102,139,9500000
51363,0,61,102,140,1015
51379,0,60,102,141,9900019
51394,0,60,102,8,33
51409,0,60,102,1,0
51425,0,60,102,46,3313300
51440,0,60,102,57,0
51455,0,60,102,58,2343527
51470,0,60,102,59,610062
51485,0,60,102,61,3
51510,0,60,102,62,899992
51528,0,60,102,67,0
51544,0,60,102,74,7132413
51559,0,60,102,75,9900000
51574,0,60,102,95,5050000
51594,146,51,102,106,9500010
51600,274,51,102,8,5200012
51605,274,51,102,67,0
51611,272,0,102,80,203010
51614,272,0,102,81,2798019
51618,272,0,102,85,7019
51622,272,51,102,132,4950002
51637,16,51,102,126,100000
51653,16,51,102,127,101009
51668,0,0,102,135,400000
51671,0,0,102,143,9953990
51675,0,51,102,128,5049505
51690,0,51,102,129,198020
51706,0,50,102,132,4950002
51731,0,41,102,139,9500000
51747,0,41,102,140,1085
51758,0,0,99,135,401000
51761,0,0,99,143,9453999
51764,274,31,99,58,1933628
51771,274,31,99,59,908032
51781,274,31,99,61,142
51786,272,0,99,80,203020
51791,272,0,99,81,1998019
51794,272,0,99,85,5019
51797,272,31,99,57,5
51814,16,31,99,57,5
51830,0,0,99,135,400000
51833,0,0,99,143,9953990
51836,0,31,99,58,2203927
51853,0,31,99,59,610032
51869,0,31,100,61,19
51884,0,30,100,62,899931
51900,0,30,100,67,200000
51915,0,0,102,135,401000
51919,0,0,102,143,9453999
51922,274,21,102,75,9900000
51927,272,0,102,80,201010
51934,272,0,102,81,1199019
51937,272,0,102,85,2019
51941,272,21,102,140,204045
51957,16,21,102,95,5050000
51973,16,21,102,106,9500010
51990,0,0,102,135,400000
51993,0,0,102,143,9953990
51996,0,21,102,123,101002
52013,0,21,102,124,200950
52028,0,20,102,125,200999
52039,257,20,102,106,9500010
52043,264,0,102,80,101010
52047,264,0,102,81,999019
52051,264,0,102,85,200019
52055,264,20,102,8,13
52071,0,0,102,135,401000
52075,0,0,102,143,9453999
52079,24,11,102,128,5049505
52094,24,11,102,129,298020
52110,24,11,102,132,4950002
52125,8,11,102,139,9500000
52141,8,11,103,140,1085
52157,0,0,103,135,400000
52161,0,0,103,143,9953990
52164,0,10,103,141,9700089
52180,0,10,103,8,234
52196,0,10,103,1,40000
52213,0,0,103,135,401010
52216,0,0,103,143,9953990
52221,0,10,103,46,410604
52236,0,10,103,57,11000
52252,0,10,103,58,3442127
52268,0,10,103,59,6012
52284,0,10,103,61,42
52300,0,10,103,62,182900
52316,0,10,103,67,100000
52332,0,10,103,74,1372516
52347,0,10,103,75,9900000
52364,16,31,103,95,5050000
52379,16,31,103,106,9500010
52395,16,31,103,123,2627002
52410,16,31,103,124,2724950
52427,0,31,103,125,200999
52452,0,31,103,126,101010
52468,0,30,102,127,101009
52484,0,30,102,128,5049505
52500,0,30,100,129,192020
52515,0,30,100,132,4950002
52531,0,30,100,139,9500000
52551,0,30,100,140,1085
52567,0,30,100,141,9900089
52583,0,30,100,8,30
52598,0,30,100,1,0
52614,0,30,100,46,1681600
52630,0,30,100,57,0
52646,0,30,100,58,3022628
52662,0,30,100,59,10032
52673,144,41,100,61,372
52688,16,31,100,62,179801
52703,0,0,100,130,1200010
52706,0,0,100,131,1951260
52711,272,31,100,8,5000080
52716,272,31,100,123,2843012
52727,272,31,100,124,4227953
52733,272,31,100,75,9600000
52738,256,31,100,57,37000
52743,256,31,100,132,4850002
52749,256,31,100,140,201015
52753,256,31,100,106,9500010
52770,0,0,100,130,1209010
52773,0,0,100,131,1900220
52776,0,31,100,126,101010
52793,0,30,100,127,101009
52809,0,41,103,128,5049505
52824,144,61,103,129,487020
52840,16,61,103,132,4850002
52855,0,0,103,130,1300010
52859,0,0,103,131,1550310
52862,272,61,103,140,205055
52867,272,61,103,8,4900060
52873,272,61,103,58,2233028
52889,272,61,103,59,906062
52898,0,0,103,130,1301020
52901,0,0,103,131,1548280
52905,256,61,103,75,9600000
52912,256,61,103,57,44000
52916,256,61,103,132,4850002
52923,257,61,102,140,201015
52927,257,61,102,106,9500010
52933,257,61,102,8,53
52939,257,61,102,46,2763226
52943,257,60,102,61,262
52949,257,60,102,62,179962
52954,257,60,102,75,9900030
52960,257,60,102,57,0
52965,256,0,102,80,108040
52969,256,0,102,81,2899019
52972,256,0,102,85,500019
52976,256,60,102,132,4850002
52983,256,60,102,140,201015
52987,256,60,102,106,9500010
52993,256,60,102,8,275
52999,256,60,102,46,3243310
53003,256,60,102,61,103
53019,256,60,102,62,199992
53024,0,0,102,130,1309020
53028,0,0,102,131,100132
53031,256,60,102,75,9900000
53036,256,60,102,57,5000
53045,256,60,102,132,4850002
53051,256,60,102,140,201015
53056,256,60,102,106,9500010
53062,256,60,102,8,113
53067,256,60,102,46,3243310
53073,256,60,102,61,103
53078,256,60,102,62,199992
53083,256,60,102,75,9900000
53089,256,60,102,57,5000
53104,0,60,102,61,3
53119,0,60,102,62,199992
53135,0,60,102,67,0
53150,0,60,102,74,7302616
53165,0,60,102,75,9900000
53180,0,60,102,95,5050000
53196,0,60,102,106,9500010
53211,0,60,102,123,1428002
53227,0,60,102,124,2814950
53242,0,60,102,125,200999
53257,0,60,102,126,101010
53273,0,60,102,127,101009
53289,0,60,102,128,5049505
53304,0,60,102,129,94020
53319,0,60,102,132,4750001
53344,0,60,102,139,9500000
53360,0,60,102,140,1015
53375,0,60,102,141,9900019
53390,0,60,102,8,30
53405,0,60,102,1,0
53421,0,60,102,46,3413400
53436,0,60,102,57,1000
53452,0,60,102,58,1373126
53467,0,60,102,59,10061
53482,0,60,102,61,3
53497,0,60,102,62,199992
53513,0,60,102,67,0
53529,0,60,102,74,7322616
53544,0,60,102,75,9900000
53564,0,60,102,95,5050000
53580,0,60,102,106,9500010
53595,0,60,102,123,1226001
53615,0,60,102,124,1412950
53630,0,60,102,125,200999
53646,0,60,102,126,101010
53661,0,60,102,127,101009
53677,0,60,102,128,5049505
53692,0,60,102,129,88020
53707,0,60,102,132,4750001
53723,0,60,102,139,9500000
53739,0,60,102,140,1085
53754,16,60,102,141,8212047
53769,16,60,102,8,5000030
53789,16,60,102,1,50000
53805,0,60,102,46,3253000
53829,0,60,102,57,0
53848,0,60,102,58,1453326
53863,0,60,102,59,10061
53879,0,60,102,61,23
53894,0,60,102,62,897972
53910,16,41,102,67,0
53925,16,41,102,74,5242616
53941,16,41,102,75,9900000
53956,0,0,102,135,400000
53959,0,0,102,143,9953990
53962,0,41,102,95,5050000
53979,0,41,102,106,9500010
53994,0,40,103,123,1
54009,0,40,103,124,950
54024,0,40,103,125,200999
54040,0,40,100,126,100000
54055,0,0,100,135,401000
54058,0,0,100,143,9953999
54061,146,40,100,127,101009
54072,274,40,100,75,9900000
54077,272,0,100,80,202010
54082,272,0,100,81,2099019
54085,272,0,100,85,3019
54089,272,40,100,140,204045
54105,16,40,100,132,4750001
54120,16,40,100,139,9500000
54136,0,0,100,135,400000
54140,0,0,100,143,9953990
54144,0,40,100,140,1085
54162,0,40,100,141,9801089
54177,0,40,100,8,11
54192,0,31,100,1,0
54208,0,31,100,46,1541906
54223,0,31,100,57,0
54243,0,0,100,135,401000
54246,0,0,100,143,9453999
54251,274,31,100,8,5200092
54256,274,31,100,67,100000
54262,272,0,100,80,202010
54265,272,0,100,81,1499019
54270,272,0,100,85,3019
54273,272,31,100,132,4750001
54290,16,31,100,62,477821
54306,16,30,100,67,100000
54322,0,0,100,135,400000
54325,0,0,100,143,9953990
54329,0,30,100,74,2812618
54344,0,30,100,75,9900000
54359,8,21,100,95,5050000
54375,8,21,100,106,9500010
54390,0,0,103,135,401000
54393,0,0,103,143,9453999
54396,24,21,103,123,1213001
54412,24,21,103,124,705950
54427,24,21,103,125,200999
54443,0,0,103,135,400000
54446,0,0,103,143,9953990
54451,8,20,103,126,100000
54467,8,20,103,127,101009
54482,0,20,103,128,5049505
54498,0,20,103,129,95020
54514,0,20,103,132,4750001
54529,0,20,103,139,9500000
54544,0,20,103,140,1085
54559,0,0,103,135,401000
54562,0,0,103,143,9453999
54566,16,11,103,141,8112049
54582,16,11,103,8,5100000
54607,16,11,103,1,50000
54623,0,0,103,135,400000
54626,0,0,103,143,9953990
54632,0,11,103,46,550500
54648,0,11,103,57,0
54663,0,11,103,58,3471527
54679,0,10,103,59,6011
54694,0,0,103,135,401000
54697,0,0,103,143,9953990
54703,0,10,103,61,62
54719,0,10,103,62,175880
54744,0,10,103,67,0
54759,0,10,103,74,962618
54775,0,10,103,75,9900000
54790,0,10,103,95,5050000
54805,0,10,103,106,9500010
54820,0,10,103,123,26003
54835,0,10,103,124,2600950
54850,0,10,103,125,201999
54866,0,10,103,126,101010
54877,273,21,103,75,9900050
54883,273,21,103,57,2017005
54887,273,21,103,61,231
54893,273,21,103,132,4750003
54899,273,21,103,8,5000055
54903,273,21,103,106,9500010
54909,273,21,103,140,202025
54914,273,21,103,46,951123
54920,273,21,103,67,200000
54925,257,21,103,61,112
54932,257,21,103,62,180871
54936,257,21,103,75,9600130
54943,257,21,103,57,30000
54948,257,21,103,132,4750003
54953,257,21,103,140,201015
54959,257,21,103,106,9500010
54963,257,20,103,8,39
54969,257,20,103,46,961111
54974,257,20,103,61,112
54981,257,20,103,62,180871
54985,257,20,103,75,9700090
54992,257,20,103,57,32000
54996,257,20,103,132,4750002
55003,257,31,103,140,201015
55008,257,31,103,106,9500010
55013,256,0,103,80,125040
55017,256,0,103,81,896019
55023,256,0,103,85,1300019
55026,256,31,103,8,89
55042,16,31,100,129,492020
55057,16,31,100,132,4750002
55073,16,31,100,139,9500000
55088,0,31,100,140,1085
55104,0,31,100,141,9702089
55119,0,31,100,8,103
55134,0,30,100,1,0
55149,0,30,100,46,1882102
55164,0,41,100,57,0
55180,16,41,100,58,2492829
55195,16,41,100,59,908042
55210,16,41,100,61,122
55225,16,41,100,62,182841
55240,0,40,100,67,100000
55255,0,40,100,74,5522718
55273,0,40,100,75,9900000
55288,0,40,100,95,5050000
55303,0,40,100,106,9500010
55319,0,40,103,123,930002
55335,16,61,103,124,3115950
55350,16,61,103,125,200999
55365,16,61,103,126,101010
55380,16,61,103,127,101009
55395,0,61,103,128,5049505
55410,0,61,103,129,487020
55425,0,60,102,132,4650002
55441,0,60,102,139,9500000
55456,0,60,102,140,1015
55472,0,60,102,141,9900019
55487,0,60,102,8,10
55502,0,60,102,1,0
55518,0,60,102,46,3063200
55533,0,60,102,57,14000
55548,0,60,102,58,1943229
55564,0,60,102,59,10062
55579,0,60,102,61,3
55595,0,60,102,62,199992
55620,0,60,102,67,0
55644,0,60,102,74,6792718
55660,0,60,102,75,9900000
55675,0,60,102,95,5050000
55690,0,60,102,106,9500010
55705,0,60,102,123,1319001
55720,0,60,102,124,1113950
55735,0,60,102,125,200999
55751,0,60,102,126,101010
55766,0,60,102,127,101009
55781,0,60,102,128,5049505
55797,0,60,102,129,82020
55812,0,60,102,132,4550001
55828,0,60,102,139,9500000
55843,0,60,102,140,1085
55859,0,60,102,141,9901089
55874,0,60,102,8,0
55889,0,60,102,1,0
55905,0,60,103,46,3403201
55920,0,51,103,57,0
55935,0,51,103,58,1353729
55945,146,41,100,59,909041
55951,274,41,100,46,2491715
55956,274,41,100,61,152
55962,274,41,100,62,873811
55967,274,41,100,75,9800000
55973,272,0,100,80,205020
55977,272,0,100,81,2498019
55982,272,0,100,85,17019
55985,272,41,100,57,5
56001,16,41,100,95,5050000
56017,0,0,100,135,400000
56021,0,0,100,143,9953990
56024,0,41,100,106,9500010
56042,0,41,100,123,1001
56058,0,40,100,124,950
56074,0,21,100,125,201999
56090,0,21,100,126,100000
56101,0,0,100,135,401000
56104,0,0,100,143,9953999
56107,146,11,100,127,101009
56123,274,11,100,132,4551011
56129,274,11,100,140,201085
56133,274,11,100,106,9500010
56139,272,0,100,80,204020
56142,272,0,100,81,1198019
56146,272,0,100,85,13019
56151,272,11,100,8,5100004
56167,16,11,100,140,1085
56187,0,0,100,135,400000
56191,0,0,100,143,9953990
56194,0,11,100,141,9303089
56210,0,11,100,8,3
56226,0,11,100,1,0
56242,0,0,100,135,401000
56246,0,0,100,143,9953990
56251,0,10,100,46,240510
56266,16,10,100,57,5
56283,16,10,100,58,1442828
56298,16,10,100,59,908011
56314,0,10,100,61,2
56330,0,10,100,62,876960
56345,0,10,100,67,0
56361,0,10,100,74,282720
56377,0,10,100,75,9900000
56396,0,10,100,95,5050000
56412,0,10,100,106,9500010
56427,0,10,100,123,201001
56443,0,10,100,124,1950
56459,0,10,100,125,202999
56474,0,10,100,126,100000
56490,0,10,100,127,1009
56510,0,10,100,128,5049505
56525,0,10,100,129,93020
56540,0,10,100,132,4551011
56557,0,10,100,139,9500000
56573,0,10,100,140,1085
56590,0,10,100,141,9900088
56608,0,10,100,8,0
56624,0,10,100,1,0
56639,0,10,100,46,0
56655,0,10,100,57,0
56670,0,10,100,58,2161828
56685,0,10,100,59,6011
56701,0,10,100,61,2
56717,0,10,100,62,877990
56733,0,10,100,67,0
56749,0,10,100,74,2720
56769,0,10,100,75,9900000
56785,0,10,100,95,5050000
56800,0,10,100,106,9500010
56815,0,10,100,123,1
56831,0,10,100,124,950
56847,0,10,100,125,204999
56867,0,10,100,126,100000
56883,0,10,100,127,1009
56899,0,10,100,128,5049505
56915,0,10,100,129,87020
56930,0,10,100,132,4551011
56946,0,10,100,139,9500000
56966,0,10,100,140,1085
56982,0,10,100,141,9900088
56998,0,10,100,8,0
57014,0,10,100,1,0
57029,0,10,100,46,0
57045,0,10,100,57,0
57060,0,10,100,58,2161828
57076,0,10,100,59,6011
57092,0,10,100,61,2
57108,0,10,100,62,878990
57124,0,10,100,67,0
57139,0,10,100,74,2720
57155,0,10,100,75,9900000
57170,0,10,100,95,5050000
57185,0,10,100,106,9500010
57201,0,10,100,123,1
57217,0,10,100,124,950
57233,0,10,100,125,205999
57249,0,10,100,126,100000
57274,0,10,100,127,1009
57290,0,10,100,128,5049505
57305,0,10,100,129,82020
57321,0,10,100,132,4551011
57337,0,10,100,139,9500000
57353,0,10,100,140,1085
57369,0,10,100,141,9900088
57384,0,10,100,8,0
57400,0,10,100,1,0
57415,0,10,100,46,0
57430,0,10,100,57,0
57447,0,10,100,58,2161828
57463,0,10,100,59,6011
57478,0,10,100,61,2
57494,0,10,100,62,878990
57509,0,10,100,67,0
57526,0,10,100,74,2720
57542,0,10,100,75,9900000
57567,0,10,100,95,5050000
57585,0,10,100,106,9500010
57601,0,10,100,123,1
57617,0,10,100,124,950
57633,0,10,100,125,207999
57648,0,10,100,126,100000
57664,0,10,100,127,1009
57679,0,10,100,128,5049505
57695,0,10,100,129,78020
57711,0,10,100,132,4551011
57726,0,10,100,139,9500000
57742,0,10,100,140,1085
57758,0,10,100,141,9900088
57775,0,10,100,8,0
57791,0,10,100,1,0
57807,0,10,100,46,0
57823,0,10,100,57,0
57838,0,10,100,58,2161728
57854,0,10,100,59,6011
57870,0,10,100,61,2
57885,0,10,100,62,879990
57900,0,10,100,67,0
57916,0,10,100,74,2720
57932,0,10,100,75,9900000
57948,0,10,100,95,5050000
57963,0,10,100,106,9500010
57979,0,10,100,123,1
57995,0,10,100,124,950
58010,0,10,100,125,208999
58026,0,10,100,126,100000
58042,0,10,100,127,1009
58068,0,10,100,128,5049505
58084,0,10,100,129,74020
58099,0,10,100,132,4551011
58115,0,10,100,139,9500000
58130,0,10,100,140,1085
58145,0,10,100,141,9900088
58161,0,10,100,8,0
58177,0,10,100,1,0
58193,0,10,100,46,0
58213,0,10,100,57,0
58229,0,10,100,58,2161728
58245,0,10,100,59,6011
58260,0,10,100,61,2
58280,0,10,100,62,879990
58297,0,10,100,67,0
58313,0,10,100,74,2720
58328,0,10,100,75,9900000
58344,0,10,100,95,5050000
58359,0,10,100,106,9500010
58375,0,10,100,123,1001
58390,0,10,100,124,300950
58406,16,10,100,125,210999
58422,16,10,100,126,100000
58438,16,10,100,127,1009
58449,0,0,100,130,1400010
58452,0,0,100,131,48240
58455,272,10,100,132,4551011
58462,272,10,100,58,3082028
58467,256,10,100,62,876990
58473,256,10,100,75,9900000
58478,256,10,100,57,0
58483,256,10,100,132,4551011
58489,256,10,100,140,201085
58493,256,10,100,106,9500010
58510,0,0,100,130,1409010
58513,0,0,100,131,220
58516,0,10,100,46,80500
58533,0,10,100,57,0
58549,0,10,100,58,3271728
58564,16,21,103,59,908021
58580,16,21,103,61,132
58596,16,21,103,62,492821
58612,0,21,103,67,200000
58628,0,21,103,74,2582720
58644,0,21,103,75,9900000
58664,0,20,103,95,5050000
58680,0,20,103,106,9500010
58696,0,31,100,123,720001
58712,0,31,100,124,1910950
58727,0,31,100,125,200999
58743,0,31,100,126,101010
58759,0,31,100,127,101009
58774,0,30,100,128,5049505
58790,0,30,100,129,69020
58806,0,30,100,132,4651011
58822,0,30,100,139,9500000
58837,0,30,100,140,1085
58853,8,21,100,141,8808089
58874,152,21,100,8,5400020
58884,152,21,100,1,50000
58894,152,21,100,46,1522035
58905,152,21,100,57,3800006
58915,152,21,100,58,2432531
58930,8,21,100,59,309021
58945,8,21,100,61,183
58960,8,20,100,62,898731
58976,8,20,100,67,100000
58995,8,20,100,74,4372720
59011,8,20,100,75,9900000
59026,8,20,100,95,5050000
59042,8,20,100,106,9500010
59052,152,11,100,123,260003
59062,152,11,100,124,5301940
59073,152,11,100,125,201999
59083,152,11,100,126,101010
59099,8,11,100,127,101009
59114,8,11,100,128,5049505
59130,8,11,100,129,466020
59146,8,10,100,132,4651013
59162,8,41,100,139,9500000
59177,8,41,100,140,1015
59193,0,41,100,141,8903019
59209,16,41,100,8,5200161
59225,0,0,100,130,1500010
59228,0,0,100,131,1051500
59232,272,41,100,140,205055
59239,0,0,100,144,30046
59242,0,0,100,145,52414
59245,0,0,100,146,63841
59249,0,0,100,147,28377
59252,0,0,100,148,48182
59255,0,0,100,149,25429
59259,0,0,100,150,18907
59262,0,0,100,151,8399
59266,272,41,100,8,5000051
59273,272,41,100,123,4937013
59277,272,41,100,124,3637954
59283,272,41,100,75,9900000
59289,256,40,100,57,0
59293,256,40,100,132,4651013
59299,256,40,100,140,201085
59314,0,0,103,130,1509010
59317,0,0,103,131,1000133
59321,0,51,103,74,5492720
59337,0,51,103,75,9900000
59353,0,51,103,95,5050000
59368,0,51,103,106,9500010
59393,0,51,103,123,102003
59409,0,51,103,124,100950
59425,0,50,103,125,200999
59440,0,50,103,126,101010
59455,0,50,103,127,101009
59470,0,31,103,128,5049505
59485,257,31,103,106,9500010
59491,257,31,103,8,43
59496,257,31,103,46,2452917
59502,257,31,103,61,172
59507,273,31,103,57,1909006
59513,273,31,103,61,192
59519,273,31,103,57,5
59523,273,31,103,75,9800020
59529,273,31,103,140,204045
59534,272,0,103,80,109020
59537,272,0,103,81,2598019
59542,272,0,103,85,3300019
59545,272,31,103,8,5500088
59562,16,31,103,59,908033
59592,0,30,100,61,3
59607,0,30,100,62,899981
59622,0,30,100,67,200000
59638,0,30,100,74,3242820
59653,0,30,100,75,9900000
59669,0,30,100,95,5050000
59684,0,30,100,106,9500010
59699,0,0,100,135,400000
59703,0,0,100,143,9953990
59706,0,30,100,123,102003
59722,0,30,100,124,403950
59737,0,30,100,125,200999
59753,0,30,100,126,100000
59769,0,30,100,127,101009
59784,257,21,100,8,103
59789,265,21,100,46,901304
59794,264,0,100,80,102010
59797,264,0,100,81,999019
59801,264,0,100,85,200019
59805,264,21,100,61,45
59822,0,0,103,135,401000
59825,0,0,103,143,9455999
59829,24,11,103,139,9500000
59844,24,11,103,140,4045
59860,24,11,103,141,8211048
59875,8,11,103,8,300117
59890,8,11,103,1,20000
59906,0,10,103,46,840700
59921,0,10,103,57,0
59946,0,10,103,58,3752531
59962,0,10,104,59,1110013
59977,16,21,104,61,182
59993,16,21,104,62,178791
60008,16,21,104,67,200000
60023,0,21,103,74,2912920
60038,0,21,103,75,9600000
60053,0,21,103,95,5050000
60069,0,20,103,106,9500010
60084,0,41,103,123,1352003
60100,0,41,103,124,3706950
60115,0,41,103,125,200999
60130,16,41,100,126,101010
60145,16,41,100,127,101009
60160,16,41,100,128,5049505
60175,0,40,100,129,193020
60190,0,40,100,132,4651012
60206,0,40,100,139,9500000
60221,0,40,99,140,1015
60236,0,51,99,141,9500019
60251,0,51,100,8,60
60267,0,51,100,1,0
60282,16,61,103,46,3093316
60302,16,61,103,57,300005
60317,16,61,103,58,2503832
60338,0,61,103,59,6062
60353,0,61,103,61,23
60368,0,60,103,62,899982
60383,0,60,103,67,0
60399,8,51,103,74,6992920
60414,8,51,103,75,9900000
60430,24,41,99,95,5050000
60445,24,41,99,106,9500010
60461,24,41,99,123,413002
60475,24,41,99,124,1006950
60491,8,41,99,125,200999
60506,8,41,100,126,101010
60521,0,40,100,127,101009
60537,0,40,100,128,5049505
60548,257,21,100,57,68000
60563,265,21,100,75,9600180
60573,265,21,100,57,0
60579,281,11,100,8,6200554
60589,281,11,100,140,204045
60593,281,11,100,8,5900536
60600,281,11,100,67,200000
60605,280,0,100,80,107040
60609,280,0,100,81,1596019
60612,280,0,100,85,3000019
60616,280,11,100,132,4651012
60632,24,11,100,57,200006
60647,8,11,100,58,1832331
60662,8,11,103,59,305012
60678,8,11,103,61,3
60693,0,10,103,62,899980
60709,0,21,103,67,200000
60724,0,21,103,74,1783020
60739,16,31,100,75,9600000
60755,16,31,100,95,5050000
60770,16,31,100,106,9500010
60785,0,31,100,123,1220003
60800,0,31,100,124,2112950
60815,0,31,100,125,200999
60830,0,30,100,126,101010
60845,0,30,100,127,101009
60862,0,30,100,128,5049505
60878,0,30,100,129,194020
60888,145,41,100,132,4651013
60893,273,41,100,75,9800090
60898,273,41,100,57,3837005
60903,273,41,100,61,251
60909,273,41,100,132,4651013
60913,0,0,100,130,1600010
60917,0,0,100,131,2851380
60922,273,41,100,8,5100035
60927,273,41,100,106,9500010
60933,273,41,100,140,202025
60938,0,0,100,130,1601020
60941,0,0,100,131,2850320
60945,273,41,100,46,1992542
60952,273,41,100,67,100000
60956,257,41,100,61,302
60963,257,41,100,62,177931
60968,257,41,100,75,9600170
60973,257,41,100,57,59000
60979,257,41,100,132,4651013
60984,257,41,100,140,201015
60995,257,41,100,106,9500010
61000,257,40,100,8,189
61005,257,51,100,46,3182517
61012,257,51,100,61,172
61016,256,0,100,80,120040
61021,256,0,100,81,2296019
61024,256,0,100,85,1700019
61028,256,51,100,62,183952
61046,272,61,103,61,442
61053,272,61,103,57,101005
61057,272,61,103,132,4651013
61083,0,0,103,130,1609030
61086,0,0,103,131,152083
61091,80,61,103,132,4651013
61107,80,61,103,139,9500000
61123,64,61,103,140,1085
61139,64,61,103,141,9901089
61155,64,60,103,8,23
61171,64,60,103,1,0
61187,64,60,103,46,3283301
61204,0,60,103,57,0
61219,0,60,103,58,2404028
61235,0,60,103,59,610063
61255,0,60,103,61,13
61270,0,60,103,62,899982
61286,0,60,103,67,0
61303,0,60,103,74,6463120
61318,0,41,103,75,9800000
61334,0,41,103,95,5050000
61350,146,31,100,106,9500010
61355,274,31,100,140,201085
61361,274,31,100,106,9500010
61366,274,31,100,8,5100114
61372,274,31,100,46,2141514
61377,272,0,100,80,205030
61381,272,0,100,81,2197019
61384,272,0,100,85,17019
61389,272,31,100,58,2394030
61405,16,31,100,128,5049505
61420,0,0,100,135,400000
61423,0,0,100,143,9955990
61426,0,31,100,129,298020
61442,0,31,100,132,4651013
61458,0,30,100,139,9500000
61473,8,21,100,140,1085
61488,8,21,100,141,7913089
61503,0,0,103,135,401000
61506,0,0,103,143,9855999
61511,24,21,103,8,5400001
61527,24,21,103,1,50000
61542,24,21,103,46,930512
61557,24,20,103,57,5
61579,0,0,103,135,400000
61583,0,0,103,143,9955991
61586,8,20,103,58,2422029
61603,8,20,103,59,305023
61618,0,0,103,135,401000
61631,0,0,103,143,9955990
61634,0,11,103,61,62
61650,0,11,103,62,877880
61665,16,11,103,67,0
61680,16,11,103,74,433121
61695,16,11,103,75,9900000
61710,0,11,103,95,5050000
61726,0,10,103,106,9500010
61741,0,10,103,123,7003
61757,0,10,103,124,700950
61773,0,10,103,125,201999
61788,0,10,103,126,101010
61803,0,10,103,127,101009
61818,0,10,103,128,5049505
61833,16,10,103,129,192020
61849,16,10,103,132,4651013
61864,16,10,103,139,9500000
61880,0,10,103,140,1085
61895,0,10,103,141,8708089
61910,0,10,103,8,110
61925,0,10,103,1,60000
61940,0,10,103,46,580708
61955,0,10,103,57,19000
61973,0,10,103,58,3652530
61989,0,21,103,59,10022
62004,0,21,103,61,13
62014,144,31,104,62,293771
62029,16,31,104,67,200000
62044,16,31,104,74,3783121
62060,16,31,104,75,9600000
62075,0,31,103,95,5050000
62090,0,31,103,106,9500010
62106,0,30,103,123,2245002
62122,0,30,103,124,4522950
62137,0,41,100,125,200999
62152,0,41,100,126,101010
62167,16,41,100,127,101009
62183,16,41,100,128,5049505
62199,16,41,100,129,486020
62214,16,41,100,132,4651012
62229,0,40,100,139,9500000
62245,0,40,100,140,1015
62260,0,40,100,141,9801019
62275,0,40,100,8,30
62290,0,40,100,1,0
62305,0,40,100,46,2432200
62320,16,40,100,57,3939005
62336,16,40,100,58,2123330
62352,16,40,100,59,908041
62367,16,40,100,61,122
62383,0,40,100,62,199991
62398,0,40,100,67,0
62413,0,40,100,74,5703121
62428,0,40,100,75,9900000
62443,0,51,103,95,5050000
62459,0,51,103,106,9500010
62475,16,61,103,123,906001
62490,16,61,103,124,308950
62505,16,61,103,125,201999
62520,16,61,103,126,101010
62540,0,61,103,127,101009
62555,0,61,103,128,5049505
62580,0,60,103,129,181020
62596,0,51,103,132,4651011
62611,0,51,103,139,9500000
62627,0,51,103,140,1085
62638,274,31,100,62,876821
62643,274,31,100,75,9800001
62648,274,31,100,57,5
62658,274,31,100,132,4651011
62663,272,0,100,80,204020
62667,272,0,100,81,2398019
62672,272,0,100,85,9019
62675,272,31,100,140,201085
62690,16,31,100,58,1994031
62705,0,0,100,135,400000
62709,0,0,100,143,9955990
62712,0,31,100,59,610031
62730,0,31,100,61,19
62745,0,0,100,135,401010
62749,0,0,100,143,9955990
62763,0,21,100,62,899751
62779,0,21,100,67,200000
62789,274,11,103,106,9500010
62794,274,11,103,8,5200004
62801,274,11,103,46,990415
62805,272,0,103,80,203020
62809,272,0,103,81,1098019
62812,272,0,103,85,7019
62816,272,11,103,61,152
62832,16,11,103,123,104001
62848,0,0,103,135,400000
62851,0,0,103,143,9955990
62855,0,11,103,124,200950
62871,0,11,103,125,202999
62887,0,11,103,126,100000
62903,0,0,103,135,401000
62906,0,0,103,143,9955990
62911,0,10,103,127,101009
62927,0,10,103,128,5049505
62943,16,10,103,129,197020
62959,16,10,103,132,4651011
62975,16,10,103,139,9500000
62991,0,10,103,140,1085
63006,0,10,103,141,9900088
63023,0,10,103,8,1
63043,0,10,103,1,0
63068,0,10,103,46,100
63084,0,10,103,57,0
63100,0,10,103,58,2172429
63117,0,10,103,59,6011
63133,0,10,103,61,2
63148,0,10,103,62,878990
63164,0,10,103,67,0
63179,0,10,103,74,3123
63195,0,10,103,75,9900000
63210,0,10,103,95,5050000
63226,0,10,103,106,9500010
63242,0,10,103,123,1
63257,0,10,103,124,950
63273,0,10,103,125,203999
63288,0,10,103,126,100000
63304,0,10,103,127,1009
63320,0,10,103,128,5049505
63335,0,10,103,129,191020
63351,0,10,103,132,4651011
63371,0,10,103,139,9500000
63387,0,10,103,140,1085
63403,0,10,103,141,9900088
63418,0,10,103,8,0
63434,0,10,103,1,0
63449,0,10,103,46,0
63465,0,10,103,57,0
63480,0,10,103,58,2142229
63495,0,10,103,59,6011
63521,0,10,103,61,2
63539,0,10,103,62,879990
63555,0,10,103,67,0
63570,0,10,103,74,3123
63585,0,10,103,75,9900000
63601,0,10,103,95,5050000
63617,0,10,103,106,9500010
63633,0,10,103,123,3001
63648,0,10,103,124,400950
63665,0,10,103,125,205999
63680,0,10,103,126,100000
63695,0,10,103,127,1009
63711,0,10,103,128,5049505
63726,0,10,103,129,185020
63742,0,10,103,132,4651011
63759,0,10,103,139,9500000
63774,0,10,103,140,1015
63790,0,10,103,141,9900019
63806,0,10,103,8,110
63822,0,0,103,135,400000
63825,0,0,103,143,9955990
63829,0,10,103,1,10000
63845,0,10,103,46,470201
63860,0,0,103,135,401010
63863,0,0,103,143,9455999
63866,145,21,103,57,2714005
63873,273,21,103,57,2112005
63878,281,21,103,61,291
63883,281,21,103,132,4651011
63889,281,21,103,8,4900474
63894,281,21,103,106,9500010
63904,281,21,103,140,202025
63911,280,0,103,80,107030
63914,280,0,103,81,1097019
63917,280,0,103,85,2100019
63921,280,21,103,46,1161630
63938,8,21,103,95,5050000
63959,8,21,103,106,9500010
63974,8,11,103,123,2145001
63989,0,0,103,135,400000
63992,0,0,103,143,9955993
63996,8,11,103,124,4347950
64012,0,0,103,135,401000
64015,0,0,103,143,9855999
64019,16,11,103,125,206999
64035,16,11,103,126,100000
64050,16,11,103,127,101009
64065,16,11,103,128,5049505
64080,0,10,103,129,196020
64095,0,10,103,132,4651011
64110,0,10,103,139,9500000
64125,0,10,103,140,1085
64140,0,10,103,141,9900088
64156,0,10,103,8,0
64171,16,10,103,1,50000
64187,0,0,103,130,1700010
64191,0,0,103,131,51600
64194,272,10,103,8,5100000
64201,272,10,103,123,5529011
64206,272,10,103,124,2955953
64215,272,10,103,75,9900000
64221,0,0,103,130,1701020
64224,0,0,103,131,49480
64227,272,10,103,61,292
64233,272,10,103,57,5
64239,256,10,103,126,100010
64243,256,10,103,132,4651011
64249,256,10,103,140,205055
64254,256,10,103,8,0
64261,256,10,103,123,4636021
64265,256,10,103,124,3546959
64272,256,10,103,75,9900000
64276,256,10,103,61,172
64292,256,10,103,57,0
64297,256,10,103,126,100010
64303,256,10,103,132,4651011
64307,256,10,103,140,205055
64313,256,10,103,8,0
64319,272,10,103,123,3632021
64323,272,10,103,124,2527959
64329,272,10,103,75,9900000
64333,0,0,103,130,1709020
64337,0,0,103,131,52005
64341,272,10,103,61,292
64345,272,10,103,57,5
64352,272,10,103,126,100010
64356,272,10,103,132,4651011
64363,272,10,103,140,205055
64368,272,10,103,8,4900000
64373,272,10,103,123,409041
64389,256,10,103,62,875990
64394,256,10,103,75,9900000
64400,256,10,103,57,0
64405,256,10,103,132,4651011
64421,0,10,103,95,5050000
64446,0,10,103,106,9500010
64462,0,10,103,123,606001
64478,0,10,103,124,404950
64493,0,10,103,125,207999
64509,0,10,103,126,100000
64525,0,10,103,127,1009
64540,0,10,103,128,5049505
64556,0,10,103,129,190020
64572,0,10,103,132,4651011
64587,0,10,103,139,9500000
64603,0,10,103,140,1085
64619,0,10,103,141,9900088
64635,0,10,103,8,0
64650,0,10,103,1,0
64666,0,10,103,46,0
64682,0,10,103,57,0
64697,0,10,103,58,2112127
64713,0,10,103,59,6011
64728,0,10,103,61,2
64744,0,10,103,62,879990
64760,0,10,103,67,0
64776,0,10,103,74,3223
64792,0,10,103,75,9900000
64807,0,10,103,95,5050000
64823,0,10,103,106,9500010
64838,0,10,103,123,1
64854,0,10,103,124,950
64870,0,10,103,125,209999
64885,0,10,103,126,100000
64900,0,10,103,127,1009
64917,0,10,103,128,5049505
64933,0,10,103,129,184020
64948,0,10,103,132,4651011
64964,0,10,103,139,9500000
64980,0,10,103,140,1085
64995,0,10,103,141,9900088
65010,0,10,103,8,0
65026,0,10,103,1,0
65042,0,10,103,46,0
65058,0,10,103,57,0
65074,0,10,103,58,2112027
65089,0,10,103,59,6011
65105,0,10,103,61,2
65120,0,10,103,62,879990
65135,0,10,103,67,0
65151,0,10,103,74,3223
65167,0,10,103,75,9900000
65183,0,10,103,95,5050000
65198,0,10,103,106,9500010
65214,0,10,103,123,2001
65230,0,10,103,124,200950
65245,0,10,103,125,210999
65261,0,10,103,126,100000
65276,0,10,103,127,1009
65292,0,10,103,128,5049505
65309,0,10,103,129,180020
65324,0,10,103,132,4651011
65342,0,10,103,139,9500000
65360,0,10,103,140,1085
65376,0,10,103,141,8903018
65399,4,10,103,8,380
65417,4,10,104,1,60000
65433,0,10,104,46,410400
65449,0,10,104,57,0
65465,0,10,104,58,3181327
65481,0,10,104,59,6011
65497,0,10,104,61,3
65513,0,21,104,62,899841
65529,0,21,104,67,100000
65545,0,21,104,74,873223
65560,0,21,104,75,9600000
65576,0,21,104,95,5050000
65592,0,31,104,106,9500010
65607,0,31,105,123,6001
65623,0,31,105,124,300950
65639,0,0,105,135,400000
65642,0,0,105,143,9955990
65646,0,31,105,125,200999
65664,0,41,105,126,100000
65680,0,41,105,127,101009
65695,0,31,105,128,5049505
65711,0,0,100,135,401000
65714,0,0,100,143,9455999
65717,16,41,100,129,176020
65734,16,41,100,132,4651011
65749,16,41,100,139,9500000
65765,0,0,100,135,400000
65768,0,0,100,143,9955990
65772,0,41,100,140,1085
65787,0,41,100,141,9700019
65804,0,40,100,8,50
65819,0,31,100,1,0
65835,0,31,100,46,1661801
65850,0,31,100,57,0
65866,0,31,100,58,3422628
65883,8,31,100,59,305031
65899,8,31,100,61,89
65914,8,30,100,62,899951
65930,8,30,100,67,100000
65946,8,30,100,74,4463223
65962,8,30,100,75,9900000
65977,8,41,100,95,5050000
65993,8,41,100,106,9500010
66009,0,0,100,135,401000
66012,0,0,100,143,9855999
66026,154,31,100,123,704001
66033,282,31,100,140,204045
66037,280,0,100,80,202010
66041,280,0,100,81,1799019
66044,280,0,100,85,4019
66049,280,31,100,8,5200572
66065,24,31,100,126,100000
66080,24,31,100,127,101009
66095,0,0,100,135,400000
66109,0,0,100,143,9955990
66112,0,31,100,128,5049505
66128,257,21,100,8,33
66133,265,21,100,46,1231410
66139,265,21,100,61,105
66143,265,21,100,62,174831
66149,265,21,100,75,9800030
66154,265,21,100,57,0
66160,265,21,100,132,4651011
66165,0,0,100,135,401000
66169,0,0,100,143,9455999
66172,280,0,100,80,107020
66176,280,0,100,81,1398019
66182,280,0,100,85,2200019
66185,280,11,100,140,204045
66201,24,11,100,57,6
66217,24,11,100,58,1982328
66233,24,11,100,59,905011
66248,8,11,104,61,3
66264,8,11,104,62,199980
66280,0,0,104,135,400000
66283,0,0,104,143,9955990
66287,0,10,104,67,100000
66303,0,0,104,135,401010
66306,0,0,104,143,9955990
66321,0,10,104,74,1353324
66334,273,21,104,140,202025
66340,273,21,104,46,1171529
66345,273,21,104,67,300000
66352,273,21,104,58,2402428
66356,273,21,104,59,109021
66363,273,21,104,61,231
66367,273,21,104,57,800005
66373,272,0,104,80,107030
66376,272,0,104,81,1197019
66381,272,0,104,85,1900019
66384,272,21,104,75,9700000
66401,0,0,104,135,400000
66404,0,0,104,143,9955990
66409,0,21,104,128,5049505
66425,0,21,104,129,298020
66440,0,51,104,132,4651011
66456,0,51,104,139,9500000
66473,0,0,103,135,401000
66476,0,0,103,143,9955999
66481,16,51,103,140,4045
66498,16,51,103,141,8216048
66514,16,51,103,8,4800202
66530,0,0,103,135,400000
66533,0,0,103,143,9955990
66536,0,50,103,1,10000
66552,0,50,103,46,3082703
66568,0,50,103,57,0
66584,0,0,103,135,401010
66587,0,0,103,143,9955990
66591,0,31,103,58,2433627
66607,8,31,103,59,309032
66623,24,21,104,61,262
66639,24,21,104,62,494801
66654,24,21,104,67,200000
66670,24,21,104,74,1923424
66686,0,0,104,135,400000
66690,0,0,104,143,9955990
66694,8,21,104,75,9900000
66711,8,21,104,95,5050000
66727,0,20,104,106,9500010
66743,257,11,104,140,201015
66747,265,11,104,106,9500010
66758,265,11,104,8,324
66763,265,11,104,46,760910
66769,264,0,104,80,104030
66772,264,0,104,81,898019
66775,264,0,104,85,1000019
66781,264,11,104,61,104
66796,0,0,104,135,401000
66800,0,0,104,143,9455999
66804,24,11,104,128,5049505
66821,24,11,104,129,698021
66837,24,11,104,132,4651013
66852,8,10,104,139,9500000
66867,8,10,104,140,1015
66883,0,10,104,141,9900018
66898,0,10,104,8,504
66913,0,10,105,1,40000
66929,16,21,105,46,761325
66945,16,21,105,57,500005
66960,0,0,105,130,1800010
66963,0,0,105,131,3450340
66966,272,21,105,124,2938951
66972,272,21,105,75,9800000
66977,272,21,105,61,321
66984,272,21,105,57,500005
66999,0,0,104,130,1809010
67002,0,0,104,131,3448111
67006,0,0,104,135,400000
67011,0,0,104,143,9955990
67014,0,21,104,67,200000
67031,0,21,104,74,2783524
67046,0,0,104,135,401010
67050,0,0,104,143,9955990
67054,0,20,104,75,9800000
67071,0,20,104,95,5050000
67087,16,11,104,106,9500010
67102,16,11,104,123,313003
67119,16,11,104,124,1106950
67138,0,0,104,135,400000
67141,0,0,104,143,9955990
67145,0,11,104,125,200999
67160,0,11,104,126,100000
67175,0,11,104,127,101009
67190,0,10,104,128,5049505
67206,0,10,104,129,192020
67222,0,10,104,132,4651012
67240,0,0,104,135,401000
67243,0,0,104,143,9455999
67246,145,21,104,139,9500000
67254,273,11,104,140,204045
67259,281,11,104,8,4900013
67284,281,11,104,67,200000
67289,281,11,104,132,4651012
67294,281,11,104,58,3801629
67305,281,11,104,59,109012
67310,280,0,104,80,107030
67313,280,0,104,81,897019
67317,280,0,104,85,1500019
67322,280,11,104,61,251
67338,8,11,104,59,309012
67353,8,21,104,61,43
67373,8,21,104,62,899901
67388,0,0,104,135,400000
67391,0,0,104,143,9955990
67395,8,21,104,67,200000
67410,0,0,104,135,401000
67413,0,0,104,143,9455999
67417,24,11,104,74,1513624
67433,24,11,104,75,9600000
67448,24,21,104,95,5050000
67464,8,11,104,106,9500010
67479,8,11,104,123,503002
67494,0,0,104,135,400000
67498,0,0,104,143,9955990
67501,0,21,104,124,102950
67517,0,31,104,125,200999
67533,0,31,105,126,100000
67550,0,0,100,135,401000
67553,0,0,100,143,9955999
67557,16,31,100,127,101009
67575,16,31,100,128,5049505
67590,16,31,100,129,295020
67606,0,0,100,135,400000
67610,0,0,100,143,9955990
67614,0,31,100,132,4651012
67631,0,31,100,139,9500000
67647,0,31,100,140,1085
67662,0,0,101,135,401010
67665,0,0,101,143,9955990
67670,0,21,101,141,7516089
67686,8,21,101,8,91
67702,24,11,104,1,50000
67717,24,11,104,46,930412
67732,24,11,104,57,5
67747,0,0,104,135,400000
67752,0,0,104,143,9955990
67755,8,11,104,58,1872728
67770,8,11,104,59,305012
67785,8,11,104,61,9
67800,0,10,105,62,899970
67815,0,0,105,135,401000
67819,0,0,105,143,9955990
67822,0,10,105,67,0
67838,0,10,105,74,913624
67853,0,10,105,75,9900000
67869,0,10,105,95,5050000
67883,0,10,105,106,9500010
67899,0,10,105,123,108002
67915,0,10,105,124,700950
67930,0,10,105,125,201999
67945,0,10,105,126,101010
67960,0,10,105,127,101009
67975,0,10,105,128,5049505
67990,0,10,105,129,189020
68005,0,10,105,132,4651012
68020,0,10,105,139,9500000
68036,0,10,105,140,1015
68052,0,10,105,141,9900018
68067,0,10,105,8,70
68082,0,10,105,1,0
68097,0,0,105,144,30046
68101,0,0,105,145,52414
68104,0,0,105,146,63841
68107,0,0,105,147,28377
68111,0,0,105,148,48182
68115,0,0,105,149,25429
68119,0,0,105,150,18907
68122,0,0,105,151,8399
68125,0,10,105,46,310300
68142,0,10,105,57,2000
68167,0,10,105,58,3702127
68183,0,10,105,59,6012
68198,0,10,105,61,2
68213,0,10,105,62,176980
68229,0,10,105,67,0
68244,0,10,105,74,603624
68260,0,10,105,75,9900000
68275,0,10,105,95,5050000
68290,0,0,105,135,400000
68293,0,0,105,143,9955990
68296,0,10,105,106,9500010
68312,0,10,105,123,1
68327,0,10,105,124,950
68343,0,10,105,125,203999
68359,0,10,105,126,100000
68374,0,10,105,127,101009
68389,0,10,105,128,5049505
68404,0,10,105,129,84020
68420,0,10,105,132,4651011
68435,0,0,105,135,401000
68439,0,0,105,143,9955990
68442,0,10,105,139,9500000
68460,0,10,105,140,1085
68475,0,10,105,141,9900088
68490,0,10,105,8,0
68506,0,10,105,1,0
68521,0,10,105,46,0
68536,0,10,105,57,0
68551,0,10,105,58,2191827
68566,0,10,105,59,6011
68581,0,10,105,61,2
68596,0,10,105,62,877990
68612,0,10,105,67,0
68627,0,10,105,74,3624
68642,0,10,105,75,9900000
68657,0,10,105,95,5050000
68674,0,10,105,106,9500010
68689,0,10,105,123,1
68704,0,10,105,124,950
68729,0,10,105,125,204999
68744,0,10,105,126,100000
68760,0,10,105,127,1009
68775,0,10,105,128,5049505
68790,0,10,105,129,79020
68805,0,10,105,132,4651011
68820,0,10,105,139,9500000
68835,0,10,105,140,1085
68850,0,10,105,141,9900088
68875,0,10,105,8,0
68890,0,10,105,1,0
68905,0,10,105,46,0
68920,0,10,105,57,0
68936,0,10,105,58,2851727
68951,0,10,105,59,6011
68966,0,10,105,61,2
68981,0,10,105,62,878990
68996,0,10,105,67,0
69012,0,10,105,74,3624
69027,0,10,105,75,9900000
69043,0,10,105,95,5050000
69058,0,10,105,106,9500010
69074,0,10,105,123,3001
69089,0,10,105,124,812950
69104,0,10,105,125,206999
69119,0,10,105,126,100000
69140,0,10,105,127,1009
69155,0,10,105,128,5049505
69170,0,10,105,129,75020
69185,0,10,105,132,4651011
69200,0,10,105,139,9500000
69216,0,10,105,140,1085
69231,0,10,105,141,9900088
69247,0,10,105,8,250
69262,0,10,105,1,0
69277,0,10,105,46,30200
69293,0,10,105,57,0
69308,0,10,105,58,3061727
69323,0,10,105,59,6011
69339,0,10,105,61,2
69354,0,10,105,62,878990
69370,0,10,105,67,0
69385,0,10,105,74,423624
69400,0,10,105,75,9900000
69415,0,10,105,95,5050000
69430,0,10,105,106,9500010
69445,0,10,105,123,4001
69460,0,10,105,124,400950
69475,0,10,105,125,207999
69491,0,10,105,126,100000
69506,0,10,105,127,101009
69522,0,10,105,128,5049505
69537,0,10,105,129,72020
69552,0,10,105,132,4651011
69567,0,10,105,139,9500000
69583,0,10,105,140,1085
69598,0,10,105,141,9900088
69614,0,10,105,8,30
69629,0,10,105,1,0
69644,0,10,105,46,210200
69660,0,10,105,57,0
69675,0,10,105,58,3211526
69690,0,10,105,59,6011
69705,0,10,105,61,2
69720,0,10,105,62,879990
69735,0,10,105,67,0
69750,0,10,105,74,343624
69766,0,10,105,75,9900000
69786,0,10,105,95,5050000
69802,0,10,105,106,9500010
69816,0,10,105,123,4001
69832,0,10,105,124,400950
69847,0,10,105,125,209999
69863,0,10,105,126,100000
69878,0,10,105,127,101009
69893,0,10,105,128,5049505
69909,0,10,105,129,69020
69924,0,10,105,132,4651011
69940,0,10,105,139,9500000
69955,0,10,105,140,1085
69970,0,10,105,141,9900088
69985,0,10,105,8,470
70000,0,10,105,1,0
70015,0,10,105,46,120000
70030,0,10,105,57,0
70046,0,10,105,58,2311726
70061,0,10,105,59,6011
70076,0,10,105,61,2
70099,0,10,105,62,879990
70115,0,10,105,67,0
70130,0,10,105,74,53624
70145,0,10,105,75,9900000
70162,0,10,105,95,5050000
70181,0,10,105,106,9500010
70197,0,10,105,123,1
70213,0,10,105,124,950
70229,0,10,105,125,210999
70244,0,10,105,126,100000
70260,0,10,105,127,1009
70275,0,10,105,128,5049505
70290,0,10,105,129,66020
70305,0,10,105,132,4651011
70320,0,10,105,139,9500000
70335,0,10,105,140,1085
70350,0,10,105,141,9900088
70365,0,10,105,8,0
70380,0,10,105,1,0
70395,0,10,105,46,0
70410,0,10,105,57,0
70425,0,10,105,58,2151626
70440,0,10,105,59,6011
70456,0,10,105,61,2
70471,0,10,105,62,880990
70485,0,10,105,67,0
70501,0,10,105,74,3624
70515,0,10,105,75,9900000
70531,0,10,105,95,5050000
70546,0,10,105,106,9500010
70561,0,10,105,123,1
70589,0,10,105,124,950
70604,0,10,105,125,211999
70620,0,10,105,126,100000
70635,0,10,105,127,1009
70650,0,10,105,128,5049505
70665,0,10,105,129,64020
70680,0,10,105,132,4651011
70695,0,10,105,139,9500000
70710,0,10,105,140,1085
70726,0,10,105,141,9900088
70741,0,10,105,8,0
70756,0,10,105,1,0
70771,0,10,105,46,0
70786,0,10,105,57,0
70802,0,10,105,58,2151626
70817,0,10,105,59,6011
70833,0,10,105,61,2
70858,0,10,105,62,880990
70873,0,10,105,67,0
70888,0,10,105,74,3624
70903,0,10,105,75,9900000
70921,0,10,105,95,5050000
70939,0,10,105,106,9500010
70954,0,10,105,123,1
70970,0,10,105,124,950
70985,0,10,105,125,213999
71004,0,10,105,126,100000
71020,0,10,105,127,1009
71034,0,10,105,128,5049505
71050,0,10,105,129,62020
71065,0,10,105,132,4651011
71080,0,10,105,139,9500000
71095,0,10,105,140,1085
71110,0,10,105,141,9900088
71125,0,10,105,8,0
71140,0,10,105,1,0
71155,0,10,105,46,0
71170,0,10,105,57,0
71185,0,10,105,58,2151626
71200,0,10,105,59,6011
71215,0,10,105,61,2
71230,0,10,105,62,880990
71245,0,10,105,67,0
71260,0,10,105,74,3624
71276,0,10,105,75,9900000
71291,0,10,105,95,5050000
71306,0,10,105,106,9500010
71321,0,10,105,123,1
71336,0,10,105,124,950
71352,0,10,105,125,214999
71367,0,10,105,126,100000
71383,0,10,105,127,1009
71399,0,10,105,128,5048505
71414,0,10,105,129,61020
71429,0,10,105,132,4651011
71444,0,10,105,139,9500000
71460,0,10,105,140,1085
71463,0,0,105,82,160001
71467,0,0,105,83,150694
71470,0,0,105,84,1000273
71473,0,0,105,112,5080995
71477,0,0,105,118,4861490
71480,0,0,105,119,0
71484,0,0,105,120,0
71487,0,0,105,121,0
71491,0,0,105,113,160000
71510,0,0,105,122,127220
